host,name,dr,group,priority,dofollow,free,badge,method,submission_url,time,how,requirements,ei_status,ei_blocker,ei_note,status,listing_url,notes,date
sourceforge.net,SourceForge,92,software,!!,dofollow,yes,no,account+form,https://sourceforge.net/projects/new,Rapid,"Mirror the GitHub repo (open-source project, not the business-software listing EI used).",,live,claiming needs a NEW SourceForge account - creating accounts is outside what I may do; founder must create it and claim,"Listing page is live under Technical Screening. Confirmed the 2026-09-03 finding still holds: the site URL renders as PLAIN TEXT (zero <a> elements pointing at easyinterview.life anywhere in the HTML), so this listing cu",todo,,,
twelve.tools,Twelve Tools,82,software,!!,dofollow,yes,yes,account+form,https://twelve.tools/submit,Blitz,,"Free $0 forever: 1 dofollow link, reviewed within 72 hours. Pro $36 one-time: 3 dofollow links, no backlink needed.",live,,"DR82, best result of the batch. 5-step wizard, no account. Free plan. Auto-screenshot of homepage, category Hiring, logo uploaded, headline+description replaced with our Variant A copy (the site had AI-prefilled its own)",live,https://twelve.tools/playchess-tech,LIVE 2026-09-14 after badge verify. Edit link: https://twelve.tools/edit?hash=gncow5r6y1txhff6ufzr,2026-09-14
lichess.org,Lichess · community blog,82,chess,!!,dofollow,yes,no,account+form,https://lichess.org/blog/community,Rapid,"Public, indexed, links allowed. Post a real annotation with one link to the playable position.",,not-attempted,,,todo,,,
curlie.org,Curlie · Games / Chess,80,chess,!!,dofollow,yes,no,form,https://curlie.org/en/Games/Board_Games/Abstract/Chess/,Blitz,"Editorial, months to approve. Submit once to Play Online and forget it.",,not-attempted,,,todo,,curlie.org returned HTTP 500 on 2026-09-14; retry later. Category: Games/Board_Games/Abstract/Chess/Play_Online,2026-09-14
launchigniter.com,LaunchIgniter,75,launch,!!,dofollow,yes,no,account+form,https://launchigniter.com/submit,Blitz,,"Product name, tagline, description, category, logo/screenshots; free submissions wait in a launch queue.",submitted,free launch week needs badge verification on easyinterview.life; product also awaiting admin approval,"Account + profile created (username easyinterview, headline, bio, X handle easyintervw). Product submitted: tagline 'One apply link, AI phone interviews, ranked shortlist.', Variant A long description (opener rotated), U",submitted,https://launchigniter.com/product/replaychess,"Free launch submitted for review 2026-09-14 (Rohit completed the math check; EI account). Badge verified. Booked week 46: Nov 9-15, 2026. Dofollow only if top-3 that week. Product: https://launchigniter.com/product/replaychess",2026-09-14
uneed.best,Uneed,75,launch,!!,dofollow,yes,no,account+form,https://www.uneed.best/submit,Blitz,,"Free launch queue exists alongside paid $29+ fast-track; I verified dofollow specifically on a listing with NO data-tool-premium flag, so the free tier keeps th",pending,"parked for Rohit - free waiting line is CLOSED to new products, launch now costs $14.99 (fast-track) or $29.99 (pick a d","The account already owned a PRE-EXISTING unpublished 'Easy Interview' waiting-line record (id 42783) from an earlier wave, still carrying pre-pivot copy ('AI-powered technical screening for senior engineers', 'starting a",todo,,"BLOCKED 2026-09-14: Chrome is signed in as easyinterview.life-d6bc which already has EasyInterview in the free queue (1 product at a time). Options: wait for EI's launch, or Rohit signs into Uneed with pandit.rohit0007@gmail.com and I submit.",2026-09-14
neeed.directory,neeed.directory,72,software,!!,dofollow,yes,yes,account+form,https://neeed.directory/submit,Blitz,,"Product name, URL, tagline, description, category, logo.",live,,Clicked Verify Badge on the product page. VERIFIER RESPONSE: toast 'Badge verified! The link to your site is dofollow.' and the page now shows 'Badge Verified on 9 Sept 2026'. CONFIRMED INDEPENDENTLY: curl of the listing,submitted,,"Submitted free plan 2026-09-14 (Software, Freemium, Gaming, logo + opening-detail cover). 'Under review — not listed yet' on profile (EI account). Badge added to footer; once listed, verify badge from the product page to flip link to dofollow.",2026-09-14
productwatch.io,Launch on ProductWatch,72,launch,!!,dofollow,yes,yes,account+form,https://productwatch.io/product/create,Blitz,,/pricing verbatim: 'Free - $0/forever - Free for life. Launch after a 30-day queue. Skip the queue by embedding the ProductWatch badge. Featured spot on launch ,live,,"Their URL field rejects query strings, so the listed URL is the bare https://www.easyinterview.life (they append ?ref=productwatch themselves). Onboarding profile + full Variant A copy, fetched logo, 3 screenshots upload",submitted,,"Published without Priority Pass 2026-09-14 (free = 30-day launch queue). Draft shows in EI account dashboard; product id d41f6d97-8fa2-47c0-92b2-5788d6819baa. Auto-fetched logo/images, categories Education/Web App/Games, X link. EI's live URL pattern: /products/<slug>; check /products/replaychess after queue.",2026-09-14
saashub.com,SaaSHub,72,software,!!,dofollow,yes,no,account+form,https://www.saashub.com/submit,Blitz,EI: live. Verify the product from an @playchess.tech mailbox to raise queue priority.,,live,,"Live and VERIFIED - the page renders the 'Officially verified details' badge and says details were verified within the last quarter. Main hero CTA to https://www.easyinterview.life is dofollow (rel=""""); the /pricing and ",todo,,NEEDS SIGN-IN (Register/Login shown 2026-09-14). Submit at /services/submit after login; then verify product from hello@playchess.tech mailbox to raise queue priority.,2026-09-14
postyourstartup.co,Post Your Startup,71,software,!!,dofollow,yes,yes,account+form,https://postyourstartup.co/dashboard/startups/new,Blitz,,Pricing page: 'Free Listing — Install the PostYourStartup badge on your website and schedule your launch week. Free with badge. Permanent listing. Dofollow back,submitted,free launch weeks are FULL through Mar 2027; only the $9 'Go Live Now' skips the queue (declined per money rules),Had to upvote 2 other startups before the form unlocked. Badge VERIFIED (green 'Badge Verified' + BADGE VERIFIED chip on the dashboard card). Profile page returns 200 but does not yet render the outbound link to easyinte,submitted,https://postyourstartup.co/startup/replaychess-1,Badge verified 2026-09-14. Listing page 200 but no outbound link until launch week; every free week FULL through Mar 2027 (USD 9 skip-queue declined). Re-check for open weeks monthly.,2026-09-14
deeplaunch.io,DeepLaunch,70,launch,!!,dofollow,yes,yes,account+form,https://deeplaunch.io/submit,Blitz,,/pricing: 'Or Free Listing - Submit your website for free ... Add dofollow backlink to our site in your website footer. Review within 2 days.' Badge embed codes,pending,"parked for Rohit - site's Pricing Model dropdown is broken (won't leave 'Free', form still errors 'Please select a prici","Badge was queued, main deployed it, and the free-listing dofollow check would now pass - the only thing standing in the way is the site's own broken required dropdown. Tried ref-click, coordinate click, ArrowDown+Enter a",rejected,,Skipped 2026-09-14: positioned as 'Submit Your AI Tool' directory — off-fit for a chess game.,2026-09-14
theweekinchess.com,The Week in Chess · links,70,chess,!!,dofollow,yes,no,email,https://theweekinchess.com/,Blitz,One polite email.,,not-attempted,,,todo,,,
newtool.site,NewTool,68,software,!!,dofollow,yes,yes,account+form,https://newtool.site/submit,Blitz,,/pricing verbatim: 'free $0 - Get 1 dofollow link. Badge verification required. Keep badge permanently.' $x paid tier gives 3+ dofollow links with no backlink r,submitted,,"FREE plan, status 'Under Review' (30-day queue). Badge WAS deployed by main and I verified it in-session: 'Verification Successful - Found badge links: 1', then clicked 'Badge Verified - Submit Now'. Free tier = 1 dofoll",live,https://newtool.site/item/replaychess,"LIVE + DOFOLLOW 2026-09-14 (badge verified, free plan submitted; page 200, link has no rel). Keep badge permanently or delisted.",2026-09-14
similarlabs.com,SimilarLabs,68,software,!!,dofollow,yes,yes,account+form,https://similarlabs.com/submit,Blitz,,"3 routes: Free (X-post verification, no dofollow), Backlink Submission (free + badge, 1 dofollow, ~7 day review), Paid $9.99 (6+ dofollow, instant)",submitted,,"DR 68, 61.3K visits/mo. Draft fully generated from the homepage (EN + Chinese/Portuguese/Spanish/German/French translations + screenshots) and reviewed - copy is accurate, no banned claims. Chose the free 'Verify with a ",submitted,https://similarlabs.com/app/products/ZCn3ZB_Xo2a1QGdPn_VzK/edit,"Auto-generated listing submitted for review 2026-09-14; edited: Freemium, tags Education/Gaming/Open Source (only AI-* categories exist, kept AI Productivity). Badge in footer. Product id ZCn3ZB_Xo2a1QGdPn_VzK",2026-09-14
saasfame.com,SaaSFame,68,launch,!!,dofollow,yes,yes,account+form,https://saasfame.com/submit,Blitz,,"/submit redirects to /auth/register — account required first; then product name, URL, category, description, screenshot.",pending,final free-plan click sits on a /payment/ route that this session's safety classifier blocks,BADGE VERIFIED. Reached Dashboard -> Manage Badge -> https://saasfame.com/badge/xvfGhd3NHImyBatLyDSzu1 and clicked Verify Badge. VERIFIER RESPONSE (verbatim): 'Verification Successful! / Badge verification successful! / ,submitted,https://saasfame.com/item/replaychess,Badge verified + free plan submitted to review 2026-09-14 (review up to 180 days). Page already 200 but link is nofollow until approved. Keep badge permanently.,2026-09-14
openhunts.com,OpenHunts,66,launch,!!,dofollow,yes,yes,account+form,https://openhunts.com/projects/submit,Blitz,,Account (Google/GitHub/email). Free tier: ~60-week wait OR display an OpenHunts badge on our site to skip. Dofollow backlink only 'if top 3'.,submitted,free launch queue full; submission only unlocks after badge verification,"The draft was NOT saved, so the whole form was rebuilt manually via 'Or click here to fill manually' (their 'Auto-fill' button deliberately not used): name EasyInterview, tagline '1,000 applicants to your best 20, on aut",submitted,https://openhunts.com/dashboard,"Free launch submitted for review 2026-09-14 after club-badge verify (skips the ~60-week queue; manual review ~3 weeks). Variant A copy, Gaming Tech/Education Tech/Open Source, Web/Mobile/Desktop, Freemium, X + GitHub. Dofollow only if top-3 that week.",2026-09-14
tooldirs.com,ToolDirs,66,software,!!,dofollow,yes,yes,form,https://tooldirs.com/submit,Bullet,,Pricing page: 'Free Listing - Submit your website for free ... Add dofollow backlink to our site in your website footer. Review within 2 days.' Paid $9.99 lifet,submitted,,"Free tier gated on the footer badge; once main deployed it, 'Verify and Submit' passed and the listing shows Pending Review / Free in the dashboard (review within 2 days). Categories: Artificial intelligence, Automation,",submitted,,Pending Review 2026-09-14 after badge verify. NB: listing sits under the easyinterview.life@gmail.com ToolDirs account (Chrome was already signed in). Dashboard: https://tooldirs.com/dashboard/profile,2026-09-14
chessprogramming.org,Chess Programming Wiki,65,chess,!!,dofollow,yes,no,account+form,https://www.chessprogramming.org/,Rapid,Strict but real. Web GUI / Stockfish front-end entry with repo link.,,not-attempted,,,todo,,,
chesstech.org,ChessTech News,50,chess,!!,dofollow,yes,no,email,https://www.chesstech.org/,Rapid,"Covers chess software specifically. Short email pitch: open source, Agadmator format, browser Stockfish.",,not-attempted,,,todo,,,
en.wikipedia.org,Wikipedia · Internet chess server,98,chess,!,nofollow,yes,no,form,https://en.wikipedia.org/wiki/Internet_chess_server,Classical,Only after independent coverage. Propose on the talk page with sources.,,not-attempted,,,todo,,,
linkedin.com,LinkedIn company page,98,profile,!,nofollow,yes,no,account+form,https://www.linkedin.com/company/setup/new/,Bullet,Website field → www URL.,,not-attempted,,,todo,,,
github.com,GitHub repo topics + About,96,oss,!,nofollow,yes,no,none,https://github.com/replay-chess/chess-battle-turbo,Bullet,"DONE 2026-09-13: 15 topics, www homepage, new description.",,not-attempted,,,todo,,,
github.com/awesome-chess,awesome-chess lists (GitHub PR),96,oss,!,nofollow,yes,no,form,https://github.com/search?q=awesome+chess&type=repositories,Blitz,PR on the most-starred awesome-chess list under web apps / training tools.,,not-attempted,,,todo,,,
github.com/unicodeveloper/awesome-nextjs,awesome-nextjs (GitHub PR),96,oss,!,nofollow,yes,no,form,https://github.com/unicodeveloper/awesome-nextjs,Blitz,PR under 'Apps' / open-source apps built with Next.js.,,not-attempted,,,todo,,,
github.com/awesome-selfhosted,awesome-selfhosted (GitHub PR),96,oss,!,nofollow,yes,no,form,https://github.com/awesome-selfhosted/awesome-selfhosted,Classical,Rejects apps needing a third-party service; Clerk blocks this unless auth becomes pluggable.,,not-attempted,,,todo,,,
x.com,X profile + pinned post,94,profile,!,nofollow,yes,no,none,https://x.com/anaestheticdev,Bullet,Pin the trailer with the www link.,,not-attempted,,,todo,,,
vercel.com,Vercel Templates,92,oss,!,dofollow,yes,no,form,https://vercel.com/templates,Classical,"Needs a working one-click deploy (Neon + Clerk env documented, seed script).",,not-attempted,,,todo,,,
wikidata.org,Wikidata item,92,profile,!,nofollow,yes,no,account+form,https://www.wikidata.org/,Blitz,Needs one serious external reference first.,,not-attempted,,,todo,,,
producthunt.com,Product Hunt,91,launch,!,nofollow,yes,no,account+form,https://www.producthunt.com/posts/new,Classical,"Plan a launch day (Tue–Thu, 12:01am PT). 5 screenshots, trailer, first comment = the 'pause the video' story + /try link. Ask for feedback, not upvotes.",,not-attempted,,,todo,,,
news.ycombinator.com,Hacker News · Show HN,91,launch,!,nofollow,yes,no,account+form,https://news.ycombinator.com/submit,Blitz,"'Show HN: ReplayChess – play the critical position from famous chess games (open source, Next.js + Stockfish WASM)'. Be in the thread 3 hours.",,not-attempted,,,todo,,,
crunchbase.com,Crunchbase,91,profile,!,nofollow,yes,no,account+form,https://www.crunchbase.com/,Blitz,Entity signal. EI: live.,,not-attempted,,,todo,,,
chess.com,Chess.com · member blog,91,chess,!,nofollow,yes,no,account+form,https://www.chess.com/blog,Rapid,"Nofollow but ranks and sends players. Annotate a game, mention the app once.",,not-attempted,,,todo,,,
reddit.com,r/chess · r/chessbeginners · r/ComputerChess,91,chess,!,nofollow,yes,no,account+form,https://www.reddit.com/r/chess/,Blitz,One post already went out. Next: a specific position to solve + playable link.,,not-attempted,,,todo,,,
nextjs.org,Next.js Showcase,90,oss,!,dofollow,yes,no,form,https://nextjs.org/showcase,Rapid,"Curated — lead with real-time multiplayer, Stockfish WASM, React Compiler, PWA.",,not-attempted,,,rejected,,No public submission form on nextjs.org/showcase as of 2026-09-14 (curated brand list only). Skip.,2026-09-14
softpedia.com,Softpedia · Web Apps,88,software,!,nofollow,yes,no,form,https://www.softpedia.com/,Blitz,Old but indexed.,,not-attempted,,,todo,,,
dev.to,Dev.to · engineering series,85,profile,!,nofollow,yes,no,account+form,https://dev.to/,Rapid,Cross-post with canonical_url set to playchess.tech.,,not-attempted,,,todo,,,
alternativeto.net,AlternativeTo,84,software,!,verify,yes,no,account+form,https://alternativeto.net/manage-item/,Blitz,"Alternative to Chess.com, Lichess, Chessable, Chess Tempo. Free moderation takes months (EI: months on free; $5 priority option).",,not-attempted,,,todo,,,
indiehackers.com,Indie Hackers,81,software,!,nofollow,yes,no,account+form,https://www.indiehackers.com/products,Blitz,,"Create a product page (name, tagline, URL, optional revenue) and post in a relevant group - the legitimate self-promo spots are the product page itself and the ",skipped,Google popup sign-up never completes under browser automation,Indie Hackers accounts can ONLY be created with Google. The Firebase signInViaPopup flow opens a separate tab that cannot post its result back to the opener in this automation setup - consent was granted twice for easyin,todo,,,
hashnode.com,Hashnode,80,profile,!,dofollow,yes,no,account+form,https://hashnode.com/,Blitz,"Same posts, canonical set.",,not-attempted,,,todo,,,
f6s.com,F6S,78,profile,!,dofollow,yes,no,account+form,https://www.f6s.com/,Blitz,Startup profile with website link.,,not-attempted,,,todo,,,
wired.business,Wired Business,77,software,!,verify,yes,yes,form,https://wired.business/submit-your-website,Bullet,,"Name, URL, tagline, category, logo; badge is offered but not mandatory.",live,reciprocal badge required to publish the free listing,"Wizard restarts at step 1 with no session, so I re-ran it: entered https://www.easyinterview.life, accepted the auto screenshot, filled the Review step (name EasyInterview, headline about AI phone interviews in 11 Indian",live,https://wired.business/playchess-tech,LIVE 2026-09-14 after badge verify. Edit: https://wired.business/edit?hash=6leyz9x2h6vhgc2hfjld,2026-09-14
peerlist.io,Peerlist,77,launch,!,verify,yes,no,account+form,https://peerlist.io/scroll/launchpad,Blitz,,"Free personal profile first, then add the product as a Project / submit to the weekly Launchpad; upvote-driven leaderboard.",live,,"Created the maker profile (username easyinterview, logo, bio) then the project: tagline 'From resume pile to best hires, in a few clicks', categories AI + Hiring + SaaS, built-with NextJS/Typescript/PostgreSQL, full Vari",todo,,"BLOCKED on Rohit: Peerlist Launchpad now requires 'Get verified' identity verification before Launch (checked 2026-09-14, signed-in account 'Rohit', 0 followers). After verifying: add ReplayChess as a Project, then Launch on a Monday (week starts then; week 37 closed 09-14).",2026-09-14
index.dodopayments.com,Index by Dodo Payments,77,software,!,nofollow,yes,no,account+form,https://index.dodopayments.com/submit,Blitz,,"Product name, description, category, screenshot.",submitted,,"Page is titled 'Add a free listing'. First attempt failed twice: the Note field is capped at 256 characters, and the form then returned 'Authentication required'. Signed in via 'Continue with Google' choosing easyintervi",submitted,https://index.dodopayments.com/submit/replaychess/success,"Free listing submitted 2026-09-14 (no account): open source MIT, GitHub, Gaming + Learning, 6 Built With, Payment Stack = Dodo Payments, X, 256-char note. 'We'll review and publish soon' (DR 77, nofollow per playbook).",2026-09-14
slant.co,Slant,70,software,!,dofollow,yes,no,account+form,https://www.slant.co/,Blitz,Add ReplayChess as an option on 'best sites to play chess online' questions; one honest pro and con.,,not-attempted,,,todo,,,
openhub.net,Open Hub,70,software,!,dofollow,yes,no,account+form,https://openhub.net/p/new,Blitz,Add the project; it analyses the repo.,,not-attempted,,,todo,,,
startupstash.com,Startup Stash,64,software,!,dofollow,yes,no,form,https://startupstash.com/add-listing/,Bullet,,Typeform (form.typeform.com/to/b8EyDE) — no account. Editorial review ('How we review tools' page). Logo + description.,submitted,,"Typeform b8EyDE completed: name Rohit Pandit, hello@easyinterview.life, category HR, logo app-icon-512.png, no video, advertising=No. Confirmation: Thank you for applying to get listed on StartupStash. Editorial review q",submitted,,"Typeform b8EyDE completed 2026-09-14: Rohit Pandit, hello@playchess.tech (Gmail rejected: work email only), ReplayChess, short+long desc, URL w/ UTM, category Learning, logo uploaded, trailer link, advertise=No. Thank-you screen shown; manual review.",2026-09-14
marketingdb.live,MarketingDB,64,software,!,dofollow,yes,yes,account+form,https://marketingdb.live/submit,Blitz,,"/pricing verbatim: 'Free listing - $0 - Live after admin review, usually 2-3 days. Dofollow backlink WHILE THE BADGE STAYS ON YOUR SITE. We re-check the badge e",submitted,,"Free $0 lane completed end to end: account created (password in credentials file), email confirmed via the link main relayed, badge deployed by main, site's Verify returned 'Badge found on your site' / 'Badge verified - ",todo,https://marketingdb.live/submit,"BLOCKED 2026-09-14: signed-in EI account already has EasyInterview queued for admin review; free accounts keep one product queued at a time (form disabled). Retry after EI launches, or sign in with pandit.rohit0007@gmail.com.",2026-09-14
firstlook.tools,First Look,64,software,!,dofollow,yes,yes,account+form,https://firstlook.tools/submit,Blitz,,Free lane waits 7 days; description must be >=500 chars; logo required. $15.99 makes the dofollow permanent and badge-free.,submitted,,"DR64. Passwordless account (6-digit email code via EMAIL RELAY; Cloudflare Turnstile auto-cleared). 1555-char markdown description (500 min), logo + 2 screenshots, categories Artificial intelligence/Automation/Productivi",submitted,https://firstlook.tools/dashboard/profile,"Pending Review (Free) 2026-09-14; badge found on submit. Dofollow while badge stays up (weekly check), 7-day review queue. Games/Education, Freemium, Web, 4 shots, fresh description variant, GitHub + X, founded 2026.",2026-09-14
startupbase.io,StartupBase,64,software,!,dofollow,yes,no,account+form,https://startupbase.io/launch,Blitz,,"Sign in with Google/LinkedIn/X (email sign-in is existing accounts only). Launch-day format — product name, tagline, logo, screenshots.",pending,free launch gated behind community actions (3 upvotes + 1 comment/review on other products) or $39 paid tier,"Signed in with Google, profile completed (Rohit Pandit, India, x/easyintervw, linkedin). Listing draft 100% complete at /submissions/easyinterview: own tagline + Variant A description (overwrote the AI-assistant draft co",todo,https://startupbase.io/submissions/replaychess/launch,"Listing 100% complete 2026-09-14 (draft, /submissions/replaychess). Free launch is gated: Rohit must upvote 3 launches + leave 1 comment/review on startupbase.io, tick 'meets conditions', then 'Verify badge and join the queue' (badge deployed in footer). Priority free queue ~4-5 weeks; DR 73 dofollow.",2026-09-14
startupranking.com,Startup Ranking,61,software,!,dofollow,yes,no,account+form,https://startupranking.com,Blitz,,"Claim/verify the startup, add a widget to influence rank",live,,"LIVE immediately and the outbound link to www.easyinterview.life carries NO rel attribute - a genuine dofollow, contrary to the sweep's 'unverified/nofollow' guess. Page title renders as 'EasyInterview - The AI hiring pi",todo,https://www.startupranking.com/,NEEDS SIGN-IN (Log In shown 2026-09-14). EI's listing went live immediately with a dofollow link — worth doing once signed in.,2026-09-14
navfolders.com,NavFolders,61,software,!,dofollow,yes,yes,account+form,https://navfolders.com/submit,Blitz,,/pricing verbatim: 'free $0 - Get 3 dofollow links to boost your SEO. Permanent link with backlink maintained. Review within 72 hours. Backlink to our site is r,submitted,,"Best link-per-effort in the queue: free tier = 3 dofollow links, permanent with backlink maintenance, reviewed and listed within 72 hours. Product record created and saved ('Successfully created'): UTM link, name, catego",submitted,https://navfolders.com/payment/arTUqObk0CX6JUJbPEQGQ4,"Badge verified + free plan submitted to review 2026-09-14 (review within 72h). Education/Game, Web, third description variant, 16:9 opening-detail shot. Product id arTUqObk0CX6JUJbPEQGQ4.",2026-09-14
openalternative.co,OpenAlternative,60,software,!,dofollow,yes,no,form,https://openalternative.co/submit,Blitz,'Open source alternative to Chess.com'. Public MIT repo qualifies.,,not-attempted,,,todo,,"NEEDS SIGN-IN 2026-09-14 (magic link / Google / GitHub) - Rohit signs in, then /submit (dofollow, DR60, open-source fit is strong).",2026-09-14
libhunt.com,LibHunt,60,software,!,dofollow,yes,no,form,https://www.libhunt.com/,Bullet,Pulls from GitHub — topics are now set; submit the repo URL.,,not-attempted,,,todo,https://www.libhunt.com/,Cloudflare 'Verify you are human' wall 2026-09-14 — needs Rohit. Then submit repo URL github.com/replay-chess/chess-battle-turbo (it pulls topics).,2026-09-14
aiai.tools,AIAI.Tools,59,software,!,dofollow,yes,no,form,https://aiai.tools/submit-ai-tool,Bullet,,"A Tally form embedded on a WordPress page (tally.so/embed/3NADy0) — no account at all. Has Automation, Business, Sales and Productivity categories that fit.",submitted,,Tally form 3NADy0 submitted: Rohit Pandit / hello@easyinterview.life / EasyInterview / UTM homepage URL / screenshot URL https://www.easyinterview.life/opengraph-image. Form has no description field (site says AI fills t,todo,,,
betterlaunch.co,Better Launch,57,launch,!,dofollow,yes,yes,account+form,https://www.betterlaunch.co/submit,Blitz,,Free launches run Mondays only and must be scheduled 30+ days out. $24 Starter / $49 Growth buy dofollow with no badge.,submitted,,Clerk 'Continue with Google' FAILED with 'The External Account was not found'; created the account with email + password instead (recorded in credentials file) and confirmed with a 6-digit code read from Gmail /u/1. Free,submitted,https://www.betterlaunch.co/product/replaychess,"Pending Review; free launch Mon 2026-10-19. Badge verified ('dofollow backlink activated', rechecked daily). Gaming + Education, Freemium, 4 shots, first comment. Page 200 at /product/replaychess.",2026-09-14
launchtory.com,Launchtory,56,launch,!,dofollow,yes,yes,account+form,https://launchtory.com/projects/new,Blitz,,"Login/signup required, then submit a 'niche website' for review and classification.",pending,publish requires 5 unique votes or a reciprocal link on our site,"Email+password account created (password recorded in credentials file). Project submitted with name, UTM website URL (site strips the query string in the header display), logo, slogan 'AI phone interviews in 11 Indian la",live,https://launchtory.com/projects/playchess-tech,LIVE 2026-09-14 within minutes of link verification (free 'website link' path; text link 'ReplayChess on Launchtory' in footer must stay). Public page links https://www.playchess.tech with rel=noopener (dofollow). EI account.,2026-09-14
listbulb.com,Featured onList Bulb,56,software,!,dofollow,yes,yes,account+form,https://www.listbulb.com/submit,Blitz,,"You must also upvote 3 other products in the same week to unlock the free submission, and their card frames it as a recurring weekly streak. 24-48h review. $10.",pending,parked for Rohit - free lane needs 3 upvotes of other products this week (0/3); badge gate is already CLEARED,"Listing fully built and saved as Draft with Free Listing selected: UTM'd URL, name, 47-char headline, 630-char Variant A description, 512x512 WebP logo + 1600x900 WebP screenshot (site demands WebP - converted with cwebp",rejected,https://www.listbulb.com/submit,"Skipped 2026-09-14: only 6 categories, all SaaS/dev (SaaS & Marketing, Dev & Workflow, Small Accounts & MVPs, UI Libraries, Launch Websites, Landing Page) — off-fit for a chess game. Form was filled (WebP assets ready in scratchpad) if you want to force it under 'Small Accounts & MVPs'.",2026-09-14
fazier.com,Fazier,55,launch,!,dofollow,yes,yes,account+form,https://fazier.com/,Blitz,Launch week. Badge in footer for dofollow (EI: live).,,live,STILL no edit route - /launches/easyinterview/edit and /dashboard both return their 404 page; copy change needs a Fazier,"Re-checked as asked. Live, indexed (robots index,follow), two DOFOLLOW anchors to https://www.easyinterview.life?ref=fazier (rel=noopener / noreferrer). STALE COPY confirmed: the title tag, OG tags and JSON-LD all still ",live,https://fazier.com/launches/www.playchess.tech,"Listing page live 2026-09-14 (free tier, badge verified); launch scheduled 2026-09-16 00:00 PT. Full form: Variant A desc/features/use cases, Games+Education+Open Source, Freemium, logo + 4 gallery shots, competitors Chess.com/Lichess/Chessable, maker comment. NB: post-submit redirected to a Polar checkout for 'Premium' even with boxes unchecked — left without paying.",2026-09-14
launchingnext.com,LaunchingNext,55,launch,!,dofollow,yes,no,form,https://www.launchingnext.com/submit/,Blitz,,"Form only, no account. Editorial review 'every day'; the form also asks for your 90-day marketing budget (lead-gen for their $99 upsell).",pending,no confirmation page shown after POST,"Free form filled completely: EasyInterview; https://www.easyinterview.life/?utm_source=launchingnext&utm_medium=directory&utm_campaign=listings; headline '1,000 applicants to your best 20, on autopilot'; 732-char Variant",todo,,"Form has a 'What is 2+3?' human check (bot-detection) — needs Rohit to submit by hand. Fields: name ReplayChess, URL w/ UTM, headline 'Chess history you play, not watch', Variant A desc, tags, bootstrapped, $0 marketing, Rohit Pandit / pandit.rohit0007@gmail.com, untick newsletter.",2026-09-14
opensourcealternative.to,Open Source Alternative To,55,software,!,dofollow,yes,no,form,https://www.opensourcealternative.to/,Blitz,Alternative to Chess.com.,,not-attempted,,,submitted,https://www.opensourcealternative.to/project/replaychess,Submitted to free waitlist 2026-09-14 (6+ months queue) as open-source alternative to Chess.com; repo replay-chess/chess-battle-turbo. Note: their criteria include 'self-hosted' — Clerk dependency may fail review.,2026-09-14
daniellaunches.com,DanielLaunches,52,launch,!,dofollow,yes,yes,account+form,https://daniellaunches.com/submit,Blitz,,"Every listing also carries a verifieddr.com/website/<slug> badge — same operator runs VerifiedDR, so one launch yields links on both.",submitted,,"Google sign-in worked. 3-step form: core details (URL+utm, name, category AI, 47-char tagline, 288-char description, logo + 2 screenshots, X handle), badge step verified after main deployed the badge ('Badge verified.'),",submitted,https://daniellaunches.com/dashboard,"In the queue: free launch scheduled 2026-09-14 after badge verify (reviewed before launch). Education, 4 shots, founder X. Can relaunch weekly from the dashboard.",2026-09-14
easylaunch.dev,EasyLaunch,51,launch,!,dofollow,yes,yes,account+form,https://www.easylaunch.dev/,Blitz,,Instant approval per source notes; badge required for the free lane,live,,"Submit is a JS modal on the homepage (no /submit URL). Free lane = 'Free - Badge backlink $0'; paid alternatives $9 (no badge) and $69 featured were declined. After BADGE LIVE, 'Verify & publish' returned 'You're live - ",live,https://easylaunch.dev/games/replaychess,"LIVE 2026-09-14 'with a dofollow link' after badge verify (Games, founder account, email pandit.rohit0007@gmail.com).",2026-09-14
easydofollow.dev,EasyDoFollow,51,software,!,dofollow,yes,yes,account+form,https://www.easydofollow.dev/,Blitz,,"Reality check on the DR 54 claim: the site's own header reads '0 live now · 279 visits', and it sits inside the LaunchPanda / NickLaunches / LaunchStreak / Conf",pending,badge queued for footer deploy,"Listing created through the in-page Submit-launch dialog (no account needed): www URL + utm, EasyInterview, tagline 'AI phone interviews in 11 Indian languages, ranked for you.', category AI, hello@easyinterview.life, X ",live,https://easydofollow.dev/games/replaychess,"LIVE + DOFOLLOW 2026-09-14 the moment the badge was verified (no account needed). Games category, founder X. Listing: easydofollow.dev/games/replaychess",2026-09-14
business-software.com,Business Software,50,software,!,dofollow,yes,no,form,https://www.business-software.com/add-your-product/,Bullet,,"Simple form (name, email, company, product, phone, job title, message + CAPTCHA). 'There is no cost involved in submitting your product to our database.' They c",pending,captcha parked in tab; parked tab is gone so submission cannot be confirmed,"The parked tab 185482714 no longer exists in the MCP tab group, so the pre-filled A2 form (all fields filled, only the securimage CAPTCHA empty) is lost and there is no confirmation text to record. No way to tell whether",todo,,,
madewithreactjs.com,Made with React,50,oss,!,dofollow,yes,no,form,https://madewithreactjs.com/,Bullet,,,not-attempted,,,submitted,,"Submitted 2026-09-14 (Variant C tech-stack copy, repo link, @anaestheticdev). Thank-you screen; review 6-8 weeks, email on publish.",2026-09-14
startuptrusted.com,StartupTrusted,49,software,!,dofollow,yes,yes,badge-for-dofollow,https://startuptrusted.com/,Bullet,,Manual review; free tier requires their badge on our site,submitted,"'Add the badge to your website first, then verify to unlock submission.'","The earlier agent's draft had NOT persisted - the whole form was re-filled by hand (their 'Fetch' auto-fill deliberately not used): name EasyInterview, category Hiring, tagline 'From resume pile to best hires, in a few c",submitted,https://startuptrusted.com/dashboard,"Badge verified + submitted for manual review 2026-09-14 (free). Category Board Games, 200-char tagline, ~1,850-char description, icon-512 logo, founder X. Badge re-checked before approval.",2026-09-14
dironix.com,DirOnix,48,software,!,dofollow,yes,yes,account+form,https://dironix.com/submit,Blitz,,"Its own template, NOT the dirs.cc/direct2app/starterbest clone (different auth page, own footer). Footer badge-swaps with dang.ai, twelve.tools, findly.tools, t",live,,"Full 4-step wizard completed: Free Launch $0, launch date Thu 10 Sep 2026, categories Artificial Intelligence + Productivity + SaaS, platform Web, pricing Paid, 5 tags, logo + cover uploaded. Badge (note their typo bage.",submitted,https://dironix.com/my-startups,"Free launch scheduled Thu 2026-09-17 (Wait for Launch) after badge verify. Gaming Tech/Education Tech/Open Source, Web/Mobile/Desktop, Freemium, markdown detail desc, 5 tags. 2 dofollow links once live.",2026-09-14
saasbison.com,SaaSBison,46,software,!,dofollow,yes,yes,badge-for-dofollow,https://saasbison.com/submit,Bullet,,"Free tier requires displaying a SaaSBison badge and waiting in a manual review queue; listing copy capped around 1,500 characters.",submitted,listing form is locked behind badge verification,"Entered https://www.easyinterview.life/ and clicked 'Verify badge' -> steps 2/3 and 3/3 unlocked and the listing card showed Status: Verified. Filled Variant-B copy (205-char description, 940-char intro), categories Arti",submitted,https://saasbison.com/payment/success/4840e38a-942f-46df-baf9-5b253d3979fa,"Badge verified + free listing submitted for review 2026-09-14 (up to 2 weeks; 1 dofollow link). Education/Others, Freemium/Open Source tags, 4th intro variant (1,528 chars). Badge must stay permanently. id 4840e38a-942f-46df-baf9-5b253d3979fa",2026-09-14
launchit.fast,LaunchIt,45,launch,!,dofollow,yes,yes,account+form,https://launchit.fast/submit,Blitz,,'Free to start. Premium to skip the queue.' Premium ($14.99 one-time) advertises 'Permanent DR46+ Dofollow Backlink' and 'No badge required' — strongly implies ,submitted,,"Basic Launch (free, $0) with the required badge; launch date 9 Oct 2026 (first free slot - everything before that is Premium-only). 'Submission Received / You are in the Queue', review within 48h. Category HR Tech; tags ",todo,https://launchit.fast/submit,NEEDS SIGN-IN (not logged in 2026-09-14). EI used Basic Launch (free) with badge.,2026-09-14
ashlist.com,Ash List,45,software,!,dofollow,yes,no,account+form,https://ashlist.com/get-started,Blitz,,"Google sign-in at /get-started, then submit form; free. Has an HR & Recruiting category.",skipped,,"skipped: same network. Ash List runs the identical submitsaas/submitmatic clone template as Tool Find Dir (same /get-started Google login, same 3-step Website > Badge > Details wizard, same Free $0 tier with Backlink to ",todo,,"NEEDS GOOGLE LOGIN 2026-09-14 ('Log in with Google' only). Dofollow; categories include Education & Learning, Sports.",2026-09-14
nicklaunches.com,Nick Launches,74,launch,!?,dofollow,unknown,yes,account+form,https://nicklaunches.com/submit/,Blitz,,"No pricing page exists (/pricing and /pricing/ both 404), so the free/paid split is unclear; robots meta is 'index, follow'",submitted,,"FREE Launch ($0). Full listing: name, tagline, 592-char Variant A description, SEO keyword, categories AI + HR & Recruiting + Productivity, logo app-icon-512.png, screenshot home-wide-1920x1080.png, X @easyintervw, prici",submitted,https://nicklaunches.com/products/replaychess/,"Submitted free launch 2026-09-14 (EI account; weekly upvote streak was already 3/3). Badge verified ('Badge backlink found'). Publishes week of Oct 5-11, 2026 after community review. Product URL: https://nicklaunches.com/products/replaychess/",2026-09-14
tinylaunch.com,TinyLaunch,73,launch,!?,verify,unknown,no,,,Bullet,,,pending,launch scheduled Mon 28 Sep 2026 - no public page until then; dashboard is behind the personal-Google account,Public URLs 404 or bounce to /login (tinylaunch.com/startup/easyinterview -> /login?returnTo=...). Listing content was already refreshed on 2026-09-03. Nothing actionable until the 28 Sep launch; post the kit's launch co,todo,,,
auraplusplus.com,Aura++,72,software,!?,nofollow,yes,yes,account+form,https://auraplusplus.com/launches,Blitz,,"Product name, tagline, description, logo; launch/upvote format.",submitted,"site bug: free tier has 0 free slots on all 364 selectable dates, and the 'Assign a random date' checkbox does not satis","5-step wizard completed (250-word description, logo + OG banner uploaded, categories AI/SaaS/Productivity, tech stack, Web+API, pricing model Paid with usage-based text, maker Rohit Pandit, X link). Chose Free Launch ($0",live,https://auraplusplus.com/projects/replaychess,"Project page live 2026-09-14 (EI account, personal maker). Free launch scheduled Thu 2027-04-08 08:00 UTC (200+ day queue). Backlink verified. 359-word description, Gaming/Education/Open Source, Freemium.",2026-09-14
saasbrowser.com,SaaS Browser,72,software,!?,verify,yes,no,form,https://saasbrowser.com/en/submit,Bullet,,"Unknown - could not read the site. Presumed product name, URL, category, screenshot.",submitted,,"Queue URL /en/submit is a 404; the real path is /en/add-your-saas. Site loads fine in a real browser (curl gets 403). Google sign-in worked, onboarding asked intent (chose 'claim my profile or submit a SaaS'), newsletter",submitted,,"Submitted 2026-09-14 via /en/add-your-saas (URL only, Turnstile auto-passed): 'successfully submitted - will review and notify'. Listed within 24h per site; can claim profile after.",2026-09-14
foundrlist.com,FoundrList,72,software,!?,verify,yes,yes,account+form,https://www.foundrlist.com/submit,Blitz,,Profile + product submission,pending,free launch gated behind a reciprocal FoundrList badge on www.easyinterview.life (or a community-activity alternative),"Full listing draft saved and complete: name, tagline 'From resume pile to best hires, in a few clicks.', 585-char Variant A description, UTM website URL, logo (app-icon-512), homepage screenshot, categories HR & Recruiti",submitted,https://www.foundrlist.com/product/replaychess,"Free launch queued 2026-09-14 after badge verify; launches Mon 2026-10-12 (DR 72). Gaming + Education & Learning, Casual Gaming, Chess Players/Educators, Freemium from 4.99, Web, open-source flag, 4 shots, first comment. Product page already 200 at /product/replaychess (link nofollow until launch).",2026-09-14
startupfa.st,Startup Fast,71,software,!?,nofollow,yes,yes,account+form,https://www.startupfa.st/submit,Blitz,,"Account (sign-up), product name, tagline, description, logo, category; badge offered for extra placement.",live,free launch will not submit until a link to https://startupfa.st is on our website - 'Badge not detected on your website,"FIXED: the free listing genuinely did not exist; re-ran the whole 5-step wizard (Startup > Project Info > Details > Launch Date > Review) in one pass and it persisted this time. Verifier response, verbatim: 'Badge detect",live,https://www.startupfa.st/projects/replaychess,"Page live 2026-09-14 (personal profile, free launch scheduled Fri 2026-09-25 08:00 UTC). Badge verified. Dofollow only if top-3 on launch day — rally votes that morning.",2026-09-14
showmysites.com,ShowMySites,69,software,!?,nofollow,yes,no,form,https://www.showmysites.com/submit/,Bullet,,"Site name, URL, category (SaaS / AI Tool available), description.",live,,"Queue URL /submit/ is a tag page, not the form; the real flow is /accounts/signup/ then /my-websites/create/. Email signup (username 'easyinterview'). Listing is Active immediately: name, UTM URL, tagline, Variant B desc",live,https://www.showmysites.com/submit/replaychess/,"LIVE (Active) 2026-09-14 under the existing ShowMySites account (EI's). Category Other, logo, X + GitHub links. No backlink badge taken (nofollow either way per EI).",2026-09-14
scrolllaunch.com,ScrollLaunch,62,launch,!?,nofollow,yes,no,account+form,https://www.scrolllaunch.com/,Blitz,,Account + launch listing.,submitted,,"Google sign-in, then /dashboard/products/new. Filled manually - deliberately did NOT press 'Fill with AI'. Name, tagline '1,000 applicants to your best 20, on autopilot', UTM URL, 733-char Variant A description, square l",todo,,,
superlaun.ch,Submit Here (Super Launch),62,launch,!?,nofollow,yes,no,account+form,https://www.superlaun.ch/dashboard/submit,Blitz,,"Only public monetisation page is /advertise ($49 for a 30-day ad carousel slot), which is separate from listing. CONTRADICTS the source note claiming 'the free ",submitted,,"FREE plan selected (the $19 Premium was pre-selected by default - switched to Free before submitting, no payment). Status 'Submitted', product id 3387, launch date assigned from the queue. Category HR & Recruiting. Logo ",todo,,,
startupinspire.com,Startup Inspire,60,software,!?,verify,yes,no,account+form,https://www.startupinspire.com/,Blitz,,"Logo, screenshot, description",skipped,submission wizard needs a Founder profile first; custom dropdowns would not set within the time cap,"Account created and email-activated (activation link from Gmail), logged in, Free plan confirmed (1 startup, no card). Declined the Italian cookie banner ('Rifiuta'). /dashboard/startup/create wizard has 4 tabs (Informat",todo,,,
cloudfindr.co,Cloud Findr,59,software,!?,nofollow,yes,no,account+form,https://www.cloudfindr.co/list-your-app,Blitz,,Business-software review directory with per-category pages (including HR-adjacent ones).,live,,"Account created + email OTP verified. Listing published immediately and verified live (HTTP 200). Categories: HR Software, Talent Management Software, Video Interview Software. Logo (app-icon-512) + homepage screenshot u",rejected,,Skipped 2026-09-14: 'B2B software directory ranked by people who pay for the tools' — a consumer chess game is off-fit; EI's link was nofollow anyway.,2026-09-14
huzzler.so,Huzzler,58,software,!?,verify,yes,yes,account+form,https://huzzler.so/submit-product,Blitz,,"Account (Google or email+verification), then submit product. Positions itself as 'Software reviews for founders'.",pending,free tier requires the Huzzler badge live on our homepage,"Account created (username 'easyinterview') and email-verified. Product record fully created and saved - category Artificial Intelligence, tagline, Variant A description, logo + 2 screenshots. Publication is gated: Free t",submitted,https://huzzler.so/products/nShiR9xQeM/replaychess/publication,"In the free queue 2026-09-14 after badge verify; expected live 2026-11-24 (72-day queue, manual review, DR 64 dofollow). Gaming category, logo + 4 shots. Product id nShiR9xQeM.",2026-09-14
tracxn.com,Tracxn,53,software,!?,verify,yes,no,form,https://tracxn.com/listyourstartup,Bullet,,"Form: company name, website, description, optional deck/doc upload, business email. A Tracxn analyst reviews and then creates/updates the profile.",pending,captcha parked in tab,"Form is FULLY filled and the Submit button is enabled, in Chrome tab 185482863 at https://tracxn.com/listyourstartup. Fields: Company Name EasyInterview; Website https://www.easyinterview.life; Additional Details = Varia",todo,,,
findstack.com,findstack,53,software,!?,verify,yes,no,account+form,https://findstack.com/get-listed,Blitz,,/get-listed redirects to /signup — a vendor account (email or Google) is required before you can claim or add a product.,skipped,ran out of time,Confirmed /get-listed 302s to https://findstack.com/signup (vendor account required before claiming or adding a product). Not attempted - the queue's earlier rows consumed the time budget. Has a genuine HR/recruiting cat,todo,,,
aitoptools.com,AITopTools,53,software,!?,verify,yes,no,account+form,https://aitoptools.com/claim-your-tool/,Blitz,,"Account, then submit or claim a tool. Site claims a 10,000+ tool library with user reviews.",skipped,ran out of time,"https://aitoptools.com/claim-your-tool/ returns 200 and is reachable (no Cloudflare block). Not attempted - budget consumed by Tracxn/Shipybara. Has a real HR/recruiting category, so worth a retry.",todo,,,
listmysaas.xyz,ListMySaaS,48,software,!?,nofollow,yes,yes,account+form,https://listmysaas.xyz/submit,Blitz,,Free listing = $0 'with badge': you must embed their badge on easyinterview.life and verify from the dashboard before it goes live; reviewed within 24h. Premium,live,,"Free listing SUBMITTED and sitting at PENDING / FREE with 'Badge embed required'. Full Variant B copy (785-char description), tagline, logo URL, category Artificial intelligence, 7 tags, UTM website URL. Only the badge b",live,https://listmysaas.xyz/directory/replaychess,"LIVE 2026-09-14 after badge verify (dashboard, EI account). Category Education.",2026-09-14
dailypings.com,DailyPings,47,launch,!?,verify,yes,yes,account+form,https://dailypings.com,Blitz,,Community post,live,free tier requires a reciprocal DailyPings badge live on www.easyinterview.life before the listing publishes,"Submission created (id 861) with UTM URL, name EasyInterview, tagline 'AI phone-screens applicants, returns a ranked shortlist' and the 1200x630 OG image as thumbnail. The $19 Premium plan was PRE-SELECTED - unticked it ",live,https://dailypings.com/p/replaychess,"LIVE 2026-09-14 instantly on badge verify (free with badge; dofollow while the badge stays, checked daily). Listing id 902.",2026-09-14
b2bstack.com.br,B2B Stack,46,software,!?,nofollow,yes,no,account+form,https://www.b2bstack.com.br/company_registrations/novo-email,Blitz,,'Cadastre seu produto' vendor registration. Portuguese-language Brazilian/LatAm B2B software review portal - listing copy would need to be in Portuguese.,pending,verification sent to rohit@easyinterview.life,"Site is PT-BR (Brazil). Signed in with Google (easyinterview.life@gmail.com), then 'Cadastre seu produto' demands a corporate email before any product form: entered rohit@easyinterview.life and B2B Stack emailed a confir",todo,,,
make.rs,Make.rs,44,software,!?,verify,yes,no,account+form,https://make.rs/,Blitz,,Maker profile / project post,live,,"LIVE. Free maker community, no payment and no email verification step - claiming the @easyinterview handle plus an email address created the account instantly. Maker profile published with the app icon as avatar, name Ea",todo,https://make.rs/,"Needs a maker account (claim make.rs/@handle) — not signed in 2026-09-14. Free, no email verification per EI.",2026-09-14
tipseason.com,TipSeason,44,software,!?,nofollow,yes,no,form,https://www.tipseason.com/ai-tools/submit,Bullet,,AI tool submission form; site also sells prompt bundles and courses.,submitted,,Free Listing tier exists (tipseason.com/ai-tools/submit-free). Filled email/name/short+long description/category Productivity (no HR category)/pricing Paid/use case/URL/X link; declined the $0.1 CPC ad upsell. Confirmati,todo,,,
theainavigator.com,The AI Navigator,44,software,!?,nofollow,yes,no,form,https://www.theainavigator.com/submit-an-ai-tool,Bullet,,"Submission form (embedded) on a Strikingly site run by one person (Andrew Spoeth, LLC).",submitted,,"Strikingly form (renders only after scroll). Filled tool name, UTM URL, one-sentence description, name Rohit Pandit, hello@easyinterview.life, additional message with category hint; privacy checkbox ticked. hCaptcha auto",todo,,,
awesome.tools,Awesome Tools,44,software,!?,dofollow,yes,no,form,https://awesome.tools/submit,Bullet,,"Hard quality gate stated on the submit page: 'we only accept tools with Domain Rating of 30+ OR 1,000+ monthly visitors'. EasyInterview is around DR 3, so it wo",pending,parked for Rohit - the site's own Submit button is broken,"Submitted per instruction despite the DR 30+ / 1,000-visitors gate, and the form is fully filled (www URL + utm, EasyInterview, Rohit Pandit, hello@easyinterview.life, and a Note that names the India high-volume-hiring n",todo,https://awesome.tools/submit,"Gate: DR 30+ OR 1,000+ monthly visitors (checked 2026-09-14; we are DR ~6). Revisit once DR/traffic clears the bar.",2026-09-14
boostdomainrating.com,Boost Domain Rating,44,software,!?,dofollow,yes,yes,account+form,https://boostdomainrating.com/submit,Blitz,,"Footer: 'Guaranteed to improvement your Ahrefs Domain Rating', 'Build with love by DirEasy', and its own Products list points to saashunt.best — i.e. it links t",skipped,"deliberate — self-described DR-manipulation network, link-scheme risk, founder decision","Free and verifiably dofollow, but the site advertises 'Guaranteed to improvement your Ahrefs Domain Rating', is 'Built with love by DirEasy' and cross-links its own sibling properties (saashunt.best). That is the same PB",todo,,,
tinylaunchpad.com,TinyLaunchpad,43,launch,!?,nofollow,yes,no,launch-slot,https://tinylaunchpad.com/,Bullet,,Launches go live Mondays 08:00 UTC; premium/Launch Pass needed for the dofollow link.,submitted,,"Google sign-in, then 4-step wizard: name, UTM URL, 106-char short description, Variant A long description, categories AI/SaaS/Productivity, platform Web, country India, pricing Paid; uploaded app-icon-512.png logo + home",todo,https://tinylaunchpad.com/projects/submit,2026-09-14: 'no free launch slots available' (free slots released in limited batches; paid .99 declined). Retry weekly for a free slot. Logged in already.,2026-09-14
bestofai.com,BestofAI,42,software,!?,dofollow,yes,no,account+form,https://bestofai.com/,Blitz,,"Account creation, then the 'Add Tool' flow (the /submit and /add-tool URLs both 404 - the real entry point is behind Sign In).",submitted,,"Signed in with Google (Clerk). The advertised /add-tool 404s - the working path is /tool/add via the nav button. Submitted with category 'recruitment', UTM URL, title, 7 tags and a Variant C description. Confirmation: 'E",todo,,,
startuplist.ing,startuplist.ing,42,software,!?,dofollow,yes,no,account+form,https://startuplist.ing/,Blitz,,Account + product page; featured slots sold by the day,submitted,,"Product created with logo + 2 screenshots, category HR & Recruitment, 7 tags, 7 features, X handle. Dashboard shows Pending Launch 1 / Approved 0. Listing fee displays as $4.00 FREE but the only actionable Launch control",submitted,https://startuplist.ing/products/qkph9n,"Product created 2026-09-14 (id qkph9n, Gaming, 5 tags, 5 features, logo + 3 images, X). Status 'Not Listed' — listing fee shows FREE but the only checkout is bundled with paid Featured ads (declined). Public /p/qkph9n returns 'Product not found' until they approve; re-check in 2 weeks.",2026-09-14
dirs.cc,Dirs,42,software,!?,dofollow,yes,yes,account+form,https://dirs.cc/submit,Blitz,,"CLONE NETWORK: same operator/template as direct2app.com and starterbest.com — identical /auth/login?callbackUrl=%2Fsubmit route, identical login chunk naming (l",submitted,,"Full listing submitted on the FREE $0 plan - confirmation 'Successfully created' then 'Successfully submitted to review'; dashboard shows Plan: Free, Status: Pending, publish date not yet set. Filled: UTM'd URL, name, 60",submitted,https://dirs.cc/payment/00EyDQBgd1quFxnNNYZUPV,"Free plan 'Successfully submitted to review' 2026-09-14 (no badge needed; 180+ day wait, may be rejected for limited slots). Education, Open Source tag, 5th intro variant, icon + hero. id 00EyDQBgd1quFxnNNYZUPV",2026-09-14
sidehunt.io,SideHunt,42,launch,!?,dofollow,yes,no,account+form,https://sidehunt.io/submit,Blitz,,Submission form is JS-rendered ('Loading submission form...'). Free tier plus paid premium ($15/$26). Same operator network as makerhunt.io (footer 'Network': B,pending,parked for Rohit - cannot sign in: 'Continue with Google' hangs on 'Connecting...' (OAuth popup blocked) and the email m,Magic link requested for easyinterview.life@gmail.com and relayed to main twice; main confirmed nothing landed in the inbox after 20+ minutes. GitHub is the third option but the brief says avoid GitHub login. Tab left op,todo,,,
proofstories.io,Proofstories,42,software,!?,nofollow,yes,yes,account+form,https://proofstories.io/submit/,Blitz,,Human-reviewed indie-startup directory; Google login.,already-listed,,"Google sign-in (first OAuth attempt errored at api.proofstories.io/auth/error, retry worked). 4-step wizard: name, category HR & Recruiting, UTM URL, logo upload; one-liner + Variant A story with founder story; screensho",todo,,,
productfame.com,ProductFame,41,launch,!?,nofollow,yes,no,launch-slot,https://productfame.com/products/submit,Bullet,,Free tier uses the standard queue. Their FAQ: 'Free submissions can still get a dofollow backlink if they rank in the top 3 daily.' Badge verification currently,live,,"Free Launch selected ($0 total, no add-ons - the form pre-selects Pro Launch $19.9 so it had to be switched down). Earliest date with free slots was Tue 27 Oct 2026, so the launch is scheduled for 2026-10-27 08:00 UTC; t",submitted,https://productfame.com/products/replaychess,"Free Launch scheduled Sat 2026-11-07 08:00 UTC (page live at /products/replaychess; badge requirement paused; dofollow only for top-3 daily). Education/Gaming/Open Source, 5-section 2,005-char description, 256px logo + legends shot, Freemium, GitHub + X.",2026-09-14
productburst.com,ProductBurst,41,software,!?,verify,yes,no,account+form,https://productburst.com/,Blitz,,Product submission with logo and description,live,,"Email confirmation relayed via main. Bubble.io LaunchPad: logo + 2 screenshots uploaded, category AI/SAAS, product type Website, pricing FREEMIUM/PREMIUM (no price entered). Free plan ($0, no card). Website field force-a",todo,,NEEDS SIGN-IN 2026-09-14 (Login/Signup shown; /submit 404 - use 'Submit Your Product' button after login). EI's listing went live.,2026-09-14
prolaunch.net,Pro Launch,41,launch,!?,dofollow,yes,yes,account+form,https://prolaunch.net/projects/submit,Blitz,,"25 free slots weekly, standard queue. $7.99 buys guaranteed dofollow without a badge.",live,,"DR41. 4-step wizard, FREE Launch $0, scheduled Tue 15 Sep 2026 08:00 UTC (earliest free slot). Categories HR & Recruiting + SaaS + Artificial Intelligence & ML; 5 tags; platform Web; pricing Paid; logo + 16:9 screenshot;",submitted,https://prolaunch.net/projects/replaychess,"Free Launch scheduled Tue 2026-09-22 08:00 UTC; badge verified 2026-09-14 — 'dofollow active'. Page 200 at /projects/replaychess. Gaming/EdTech/Open Source, 5 tags, Freemium, GitHub + X.",2026-09-14
startupbuffer.com,Startup Buffer,41,software,!?,verify,yes,no,account+form,https://startupbuffer.com,Blitz,,"Startup submission, moderation queue",submitted,,"3-step form, no account needed. Field is labelled 'Business Email *' so rohit@easyinterview.life was used per the company-email rule (private edit link goes there - founder will need to click it if they want to edit). Sh",todo,,,
postmake.io,Postmake,41,software,!?,dofollow,yes,yes,badge-for-dofollow,https://postmake.io/submit,Bullet,,"Add the Postmake badge to our site (badge instructions at /submit-badge-listing), then submit; or pay for a tier",pending,free-listing form found but its submit was blocked by this agent's safety classifier - founder must click Submit,CORRECTION to the earlier research: Postmake DOES now have a free submission form. Route: /submit -> 'Interested in a free listing? ... Add a Postmake badge to your site and we'll feature it once it's live. Get the badge,submitted,https://postmake.io/submit-badge-listing,"Badge placement submitted 2026-09-14 via /submit-badge-listing (hello@playchess.tech, URL www.playchess.tech). They review and email within a couple of business days; DR 45 dofollow if accepted (their focus is business tools, so fit is uncertain).",2026-09-14
buildvoyage.com,BuildVoyage,40,software,!?,dofollow,yes,no,form,https://buildvoyage.com/submit,Bullet,,"Product name, tagline, tech stack, maker story. 48h manual curation. No account - they email one confirmation link.",submitted,,"Free submission, no account. Confirmed via the emailed one-click link in the easyinterview.life@gmail.com inbox; page then read 'Your submission is confirmed and queued for review' (48h manual curation). Category HR & Re",submitted,https://buildvoyage.com/submit/success,"Submission received 2026-09-14 (free, 48h review). Gaming, Freemium note, 2 shots + 256px logo, stack Next.js/Prisma/Socket.IO/Tailwind. Review is GATED: Rohit must 'cheer' 3 other products on buildvoyage.com to unlock it (buildvoyage.com/submit/success).",2026-09-14
techpluto.com,TechPluto,40,software,!?,verify,yes,no,form,https://www.techpluto.com/submit-a-startup/,Bullet,,"Startup name, URL, description via a WordPress form; editorial review",submitted,,The /submit-a-startup/ page has no form; the real form is an embedded Google Form at /submit-startup/ (docs.google.com/forms/d/e/1FAIpQLScmzHxA16yQUsr_pCwIjlMd3jvvValvon9zXs2NevoFosQ8Cg). Opened it with authuser=1 so the,submitted,,Google Form submitted 2026-09-14 (personal Gmail): 'check your mail for an important mail from contact@techpluto.com' - expect a follow-up email (may pitch paid review).,2026-09-14
direct2app.com,Direct2App,40,software,!?,dofollow,yes,yes,account+form,https://www.direct2app.com/submit,Blitz,,"CLONE NETWORK: twin of dirs.cc and starterbest.com (same Next.js template, same /auth/login?callbackUrl=%2Fsubmit, same 'Login to your account' page, same /item",skipped,clone of dirs.cc (already submitted),"Skipped on the coordinator's instruction: D2_04 submitted the same operator's dirs.cc, and dirs.cc = direct2app.com = starterbest.com are the same Next.js template under three names (identical /auth/login?callbackUrl=%2F",todo,,,
foundigy.com,Foundigy,38,software,!?,dofollow,yes,no,form,https://docs.google.com/forms/d/e/1FAIpQLSe3W5lcPnCZWfZ4Rn51qU_FgEHv6wGseqsGDpQbVFRlmlnKxA/viewform,Bullet,,"'List Your Startup' is a plain Google Form - no account, no badge. Manually published as a WordPress page; featured startups are archived permanently.",submitted,,Google Form. Had to force ?authuser=1 - the form defaulted to the personal pandit.rohit0007 account; confirmed easyinterview.life@gmail.com before submitting. Confirmation: 'Your response has been recorded.' Uploaded app,submitted,,"Google Form submitted 2026-09-14 as pandit.rohit0007@gmail.com ('Your response has been recorded'). Logo + 3 screenshots picked from Drive folder 'ReplayChess Assets' (has duplicate copies - safe to delete). Launch date 2025-10-17, India, bootstrapped, 1-5 team, Pre-revenue (unverified guess), Google search. Free queue; $15 featured skipped.",2026-09-14
publishyoursaas.com,PublishYourSaaS,38,software,!?,dofollow,yes,yes,account+form,https://publishyoursaas.com/dashboard/listings/new,Blitz,,"Pricing: 'Free launch $0 forever — nofollow link, or verify the optional PublishYourSaaS badge to activate dofollow.' Manual review 4-6 days. $9.99 Starter drop",submitted,,"BEST RESULT OF THE BATCH. Free launch plan ($0 forever), dashboard now reads 'PENDING REVIEW' + 'DOFOLLOW BADGE VERIFIED'. Manual review 4-6 days. I deliberately held the draft at step 03 rather than clicking 'Submit wit",todo,,,
launchstreak.dev,Launch Streak,36,launch,!?,dofollow,yes,yes,account+form,https://launchstreak.dev/submit,Blitz,,Homepage promises 'Free dofollow backlink'. Listing URLs are /<category>/<slug> and are in sitemap.xml. Streak mechanic rewards repeat visits; badge sponsors sh,live,,"Google sign-in is Supabase and only fires on a real coordinate click. Handle @easyinterview, Variant A pitch, tagline '1,000 applicants to your best 20, on autopilot.', 2 screenshots, X @easyintervw, 'I built this'. Free",live,https://launchstreak.dev/games/replaychess,"LIVE 2026-09-14 after badge verify: 'launches Mon Sep 14, goes live with a dofollow link'. Optional: post on X and paste link to claim 40 sparks (relaunch/shoutout currency). Declined $129 Auto Launch upsell.",2026-09-14
noonlaunch.com,NoonLaunch,35,launch,!?,dofollow,yes,yes,account+form,https://noonlaunch.com/submit,Blitz,,"Standard $0 forever: weekly board, community votes, 'High authority backlink while badge is live'. $11 skips queue and drops the badge requirement.",pending,parked for Rohit - Google account chooser at accounts.google.com does not respond to agent clicks or keystrokes,"Login offers Google only. /auth/google reaches the chooser and all three accounts are listed, but ref-click, coordinate-click and Tab+Enter all failed, and screenshot/javascript_tool are permission-denied on accounts.goo",todo,,,
websurl.com,WebsURL,34,software,!?,dofollow,yes,no,form,https://www.websurl.com/submit,Bullet,,'Free Submission — Listing in our gallery' alongside a paid 'WGS Submission 99 USD' service that submits you to 65 other galleries. Categories/tags are all visu,pending,parked for Rohit - image upload will not register,"TRIAGE 2026-09-09: filled the three missing DEVELOPER'S DETAILS fields (Rohit Pandit / https://www.easyinterview.life / India) - those validation errors are now gone. Only ""The image field is required."" remains: file_upl",todo,,,
mydentify.com,Mydentify,31,software,!?,dofollow,yes,yes,account+form,https://mydentify.com/submit,Blitz,,Submit copy: 'Get a public product page and a followed link from a DR38 launch platform.' Paste-URL autofill.,live,,LIVE. 4-step paste-a-URL wizard; their AI drafted the listing from our homepage and I rewrote the full description to Variant A (the draft was accurate but generic). Primary category auto-set to 'HR & recruiting' (locked,live,https://mydentify.com/products/replaychess,"LIVE 2026-09-14 (free tier, EI account) after footer badge auto-detected. DR47. Category Gaming, solution 'Build a daily habit' (no chess/game intent exists). Free = 1 solution; $19 skips badge. Weekly leaderboard: enter when a fitting topic wins.",2026-09-14
trendystartups.com,Trendy Startups,31,software,!?,dofollow,yes,no,account+form,https://trendystartups.com/register,Blitz,,"Register an account, then add a startup under /startups/<Name>; also has a /blogging section that accepts guest blog posts (secondary link opportunity).",skipped,registration form did not render + session time cap,"/register loads the page shell ('REGISTRATION - Sign Up Now & Submit Your Startup and Blog Post' plus a text captcha string) but querySelectorAll over inputs/selects/textareas returns an empty array on two loads, so the ",todo,,,
builtbyindies.com,BuiltByIndies,31,software,!?,dofollow,yes,no,account+form,https://builtbyindies.com/submit,Blitz,,"Account, product name/description/logo, category. Products live at /products/<slug>; there is a launch leaderboard and a /jobs board.",skipped,"free launch needs 10 Karma (earned by community activity); the instant path is a $9 Premium Launch, declined","Google sign-in is a popup + Cloudflare Turnstile (it cleared on its own). Product record created and saved at 100% completion: name, UTM URL, tagline 'From resume pile to best hires, in a few clicks', category Hiring, pr",todo,,,
indiehackerstacks.com,IndieHackerStacks,30,software,!?,dofollow,yes,no,account+form,https://indiehackerstacks.com/products/weekly-launches,Blitz,,Submit a product; it gets a /products/<slug> page plus a weekly-launches slot. Tech-stack tagging expected.,live,,Account created via Clerk Google SSO (username easyinterview). Logo/gallery uploads freeze the page (renderer hangs) - submitted without images. Site double-prefixed the URL on first save (https://https://...); re-edited,live,https://indiehackerstacks.com/products/replaychess,LIVE 2026-09-14 (EI Clerk account). Dofollow (rel=noreferrer only). Site appends ?ref=indiehackerstacks so URL set scheme-less 'www.playchess.tech'. Logo/gallery uploads freeze the renderer (known from EI) - submitted without images. 13 stack tags. Edit: /me/products/14930,2026-09-14
onemilliondirectory.com,OneMillionDirectory,28,software,!?,dofollow,yes,no,account+form,https://www.onemilliondirectory.com/submit,Blitz,,3-step wizard (Category / Listing type / Details); has an Internet and Business category; built by Solutiofy,submitted,,"Free account created (username easyinterview, password in credentials file) - Cloudflare Turnstile auto-cleared on both register and login, no manual solve. 3-step wizard: category Business, listing type 'Basic Listing -",todo,,,
trustviews.io,TrustViews,26,software,!?,dofollow,yes,no,account+form,https://trustviews.io/websites/create,Blitz,,Create a website entry; it gets a /w/<slug> review page where visitors can leave reviews. Sitemap confirms /w/ pages are submitted for indexing.,live,,AuthKit/WorkOS Google SSO. Listing shows Verified + Free in the dashboard. Declined the optional TrustViews analytics script (would require a code change on easyinterview.life). The outbound link is client-rendered so re,todo,,,
whattheai.tech,WhatTheAI,26,software,!?,dofollow,yes,no,form,https://whattheai.tech/submit,Bullet,,"Open submit form (HTTP 200, no login wall); categories incl. AI agents",submitted,email verification,"No new magic link needed - hitting /login re-consumed the earlier link (auth/callback fired) and signed us in, then /submit opened unlocked. Filled name, 76-char short description, Variant C long description, company Eas",todo,,,
devhub.best,DevHub,26,software,!?,dofollow,yes,yes,account+form,https://devhub.best/projects/submit,Blitz,,Account + daily launch/upvote flow,pending,free launch requires a DevHub badge on easyinterview.life then 'Verify Backlink'; paid alternatives start at $9.90 (decl,"Account created via Login with Google. Wizard completed through step 3: name EasyInterview, utm URL, short description 'AI phone interviews in 11 Indian languages, ranked for you.', logo + 1920x1080 product image uploade",todo,,,
thehackstack.com,The Hack Stack,25,software,!?,dofollow,yes,no,account+form,https://thehackstack.com/add-product,Blitz,,/add-product redirects to /login — account required,submitted,,"Registered a fresh email account (password in credentials-2026-09-08.txt). Submitted with 298-word description (site enforces 250-500 words), tagline '1,000 applicants to your best 20, on autopilot.', featured image + lo",todo,,,
indielogs.com,IndieLogs,24,software,!?,dofollow,yes,no,account+form,https://www.indielogs.com/auth,Blitz,,"Nuxt SPA; /submit 404s, the real route is /auth then the app; homepage states 'Free tier available - no credit card required'; 2,619 users",live,,"Founder profile + EasyInterview project created and LIVE immediately, no review queue. Verified by curl: <a href=""https://www.easyinterview.life"" target=""_blank"" ...> with NO rel attribute = dofollow (the LinkedIn link o",todo,,,
91wink.com,91wink,24,software,!?,dofollow,yes,no,account+form,https://indiefront.cn/dashboard/products/new/,Blitz,,"Redirects to indiefront.cn; Chinese-language UI, dashboard account required",skipped,out of time - the only queue row not attempted,"indiefront.cn is reachable (HTTP 200) and needs a Chinese-language dashboard account. Not started. Queue's own assessment: real dofollow but a Chinese indie-maker audience with no overlap with Indian HR buyers, so this i",todo,,,
producthubx.com,ProductHubX,23,software,!?,dofollow,yes,no,account+form,https://producthubx.com/en/submit,Blitz,,/en/submit redirects to /auth/signin; listings are published in ~12 languages (/en /hi /es /de ...),submitted,,"Confirmation: 'Product submitted successfully!'. Tagline 'One apply link, AI phone interviews, ranked shortlist.', logo + 1 gallery screenshot uploaded to their CDN, categories AI > AI Voice Agents and Work & Productivit",todo,,,
sololaunches.com,Solo Launches,23,launch,!?,dofollow,yes,no,account+form,https://sololaunches.com/app/startups/new,Blitz,,pricing page: 'Free Launch - Free / forever - Standard queue up to 5 launches per day - Dofollow backlink if you rank top 3'; $9 guarantees the dofollow regardl,pending,parked for Rohit - free launch slot is gated behind upvoting 3 other products + commenting on 1,"Passwordless magic-link account (link relayed by main). Startup record CREATED SUCCESSFULLY: name EasyInterview, slug easyinterview, tagline, 528-char description (replaced the site's auto-fill, which said '11 languages'",todo,,,
aioftheday.com,AI of The Day,22,software,!?,dofollow,yes,no,account+form,https://aioftheday.com/submit-a-tool,Blitz,,Google sign-in only; pick Free/Freemium/Paid pricing tag,submitted,,"Form ends in a reCAPTCHA, so it was parked per the CAPTCHA rule and a SendMessage went to main; the challenge was solved externally within a couple of minutes and the page landed on /thank-you with 'Your tool has been su",todo,,,
lachief.io,Lachief.io,22,software,!?,dofollow,yes,no,form,https://tally.so/r/w4Jb4b,Bullet,,Tally form linked from nav; manual curation into /tool-posts/,submitted,,Tally form confirmed 'Form submitted'. Chose 'Listing only (Free)'; explicitly did not tick Featured ($250) or the video promo. Description had to be cut to their 260-char limit. Categories Automation + Productivity & Wo,submitted,,"Tally form 'Form submitted' 2026-09-14: Listing only (Free) ticked (declined $250 featured / video promo). Categories Gaming + Personal Tools; topics Gaming/Education/Hobbies/Entertainment/Self-Improvement; Freemium; icon-512 logo. Manual review, up to 7 days to go live; dofollow per EI.",2026-09-14
devpages.io,DevPages,22,software,!?,dofollow,yes,no,form,https://devpages.io/submit-a-tool,Bullet,,"Submit page is index,follow and publicly reachable; developer-tool framing",submitted,,"Open form, listings free, every submission hand-reviewed. Used the technical angle as briefed: live AI coding and system-design rounds, voice AI that reads the candidate's code and probes design decisions, evidence pinne",submitted,,"Submitted 2026-09-14: 'Submission received - reviewed by hand, few days, email either way'. Category Learning Platforms, pricing Open Source, technical framing (Next.js/Socket.IO/Stockfish WASM reference). Off-fit risk: dev-tools directory.",2026-09-14
instantlaun.ch,InstantLaun.ch,19,software,!?,dofollow,yes,no,account+form,https://instantlaun.ch/submit-new-product/,Blitz,,"""Login to Submit — You must be logged in to submit a product""; WordPress (SiteMile theme)",skipped,not reached - session time cap,Email signup + activation link relayed by main. The themed /login/ form silently fails to persist a session - had to log in via /wp-login.php. Product submitted with icon + homepage screenshot; chose the free Standard Qu,todo,,,
viberank.dev,Viberank,18,software,!?,dofollow,yes,no,account+form,https://viberank.dev/,Blitz,,"'Submit your app' CTA on the homepage; /submit 404s, so submission is behind the app flow. Upvote-driven ranking.",live,not reached - ran out of time,"Submit is gated behind a 3-round 'which app is better' vote game; played it, then signed up by email and confirmed from the inbox. Free submission: name, 34-char tagline, UTM URL, category AI, app-icon logo, tags 'AI rec",todo,,,
curlship.com,CurlShip,18,launch,!?,dofollow,yes,yes,badge-for-dofollow,https://curlship.com/,Bullet,,"Submit by running a single curl command — no account. Pricing page: ""Free $0 — Listed, nofollow. Add the badge to make it dofollow.""",live,,"Verified via their documented API (POST /api/verify-badge with {""url"":""https://www.easyinterview.life/""}). Verifier response verbatim: {""ok"":true,""has_badge"":true,""dofollow"":true,""tier"":""free"",""message"":""Badge verified -",live,https://curlship.com/l/3149,"LIVE 2026-09-14 (id 3149, free tier). Badge verified via POST /api/verify-badge: {""dofollow"":true} - 'Badge verified - your link is now dofollow'. Page: curlship.com/l/3149",2026-09-14
microsaas.directory,MicroSaaS Directory,18,software,!?,dofollow,yes,no,form,https://microsaas.directory/submit-saas,Bullet,,"Submit URL only; an AI crawler extracts details, then the owner manually verifies against 'quality standards' before it goes live.",pending,,"URL-only form; their AI crawls the site and the owner reviews manually. Google sign-in was demanded at submit and completed. Status 'Awaiting Review', 687 makers ahead, free queue reviews 10/day. Declined the $9 'Beat th",submitted,https://microsaas.directory/submission-thank-you?id=01a09d66-aec6-7027-a552-db47b2f2ae5d,"Submitted 2026-09-14 (URL only, EI Google session): queue #720/720, est. review Nov 24 2026; owner hand-reviews. Tracking id 01a09d66-aec6-7027-a552-db47b2f2ae5d. Declined skip-the-line upsell.",2026-09-14
go-publicly.com,Go Publicly,18,software,!?,dofollow,yes,no,account+form,https://go-publicly.com/submit,Blitz,,"/submit routes to /create behind sign-in; offers attribution badges, RSS, LLMs.txt, MCP server",skipped,"Free launch is gated behind an engagement wall - 'Click a product to visit its website, then upvote it. Do this 3 times ",The old blocker (Platform multi-select would not open) is FIXED - a plain JS .click() on the button opens it and the option rows respond. Note the saved draft cannot be resumed: /create always renders blank and the dashb,todo,,,
openupvote.com,OpenUpvote,17,software,!?,dofollow,yes,no,account+form,https://openupvote.com/get-featured,Blitz,,Free listing gets a project page; the paid 'Get Featured' tier is what explicitly promises a 'Dofollow backlink to your website'.,live,,"Free listing live immediately with logo uploaded, category Other, 6 tags. IMPORTANT CORRECTION to the earlier assessment: the free project page is NOT noindex - it serves <meta name=robots content=""index, follow""> and th",todo,,,
aier.im,aier.im,17,software,!?,dofollow,yes,no,form,https://aier.im/submit,Bullet,,Curated AI tools collection with a real taxonomy; has an explicit 'HR & Recruiting' category plus 'Business Operations & Analytics' and per-profession browsing.,submitted,,"Best category fit as expected: filed under HR & Recruiting, target profession 'Human Resources (HR) Manager'. Open form, no account. Filled tool name, UTM URL, short + detailed Variant C descriptions, pricing type Paid w",todo,,,
pavelaunch.com,PaveLaunch,15,launch,!?,dofollow,yes,yes,account+form,https://www.pavelaunch.com/,Blitz,,Google sign-in or magic link before you can post; launches run in scheduled slots (/launches/past).,live,badge verification required to activate the free launch,"Clicked 'Verify Badge' on the EasyInterview row -> modal 'Almost there! Verify your launch - To activate your free launch, you must embed our badge on your website's homepage' -> 'Verify Now'. Verification passed silentl",todo,,,
listedai.co,ListedAI,13,software,!?,dofollow,yes,no,form,https://www.listedai.co/submit,Bullet,,"Form fields: Tool Name, Tool Website, Description (220 chars), Company Email, optional affiliate link, full description (3,000 chars), socials, market/price seg",pending,"parked for Rohit - Submit button fires no network request and shows no error, almost certainly gated on sign-in","Form is fully filled and left that way: tool name, website (tried both with and without the https:// prefix the field prepends), 199-char description, company email rohit@easyinterview.life, 1.6k-char markdown long descr",todo,,,
dujoor.com,Dujoor,12,software,!?,dofollow,yes,no,account+form,https://www.dujoor.com/submit,Blitz,,One submission per 14 days; you pick a scheduled feature date that cannot be changed afterwards,pending,pending: Submit Project button does not complete - draft saved but no success state and no visible validation error,"Clerk account created and email-verified (6-digit code read from inbox). Draft fully filled: URL (auto-crawled), name EasyInterview, Variant B/A description, 5 highlights, category Web App, tags Digital / AI-ML / Web / B",todo,,,
indiehustles.com,IndieHustles,9,software,!?,dofollow,yes,no,form,https://indiehustles.com/submit,Bullet,,"Form asks for name, email, X handle, product name, website, category, tagline, and 'Popular Alternatives (comma-separated)' — the site's whole premise is indie ",submitted,,"Free $0 plan explicitly selected (button changed from 'Submit & Pay $9' to 'Submit for Free'); no card asked. Category AI (no HR bucket exists). Tagline 'AI phone interviews in 11 Indian languages, ranked for you.' Alter",submitted,,"Submitted 2026-09-14 on Free $0 plan ('Submit for Free', thank-you page: review in 5-7 days / listing says 8-10 weeks). Category Other, alternatives Chess.com/Lichess/Chessable, founder card @anaestheticdev.",2026-09-14
businesstoolvault.com,Business Tool Vault,7,software,!?,dofollow,yes,no,form,https://www.businesstoolvault.com/#cta_form-01-627161,Bullet,,On-page Unicorn Platform form (same builder as All HR Software); manual curation,submitted,,"On-page Unicorn Platform form (TOOLNAME/CATEGORY/WEBSITE/EMAIL/VIDEO-LINK/TWITTER/DESCRIPTION/LOGO). Free, no account, manual curation. Confirmed red flag: the 27-option category list has NO HR or recruiting bucket, so '",rejected,,"Skipped 2026-09-14: business/marketing-tools directory (27 categories, none for games/education) - off-fit.",2026-09-14
platformsdirectory.com,Platforms Directory,3,software,!?,dofollow,yes,no,account+form,https://www.platformsdirectory.com/signin.php,Blitz,,Nav reads 'List or Manage Product'. /submit.php and /products.php both hit 404.php — submission is only reachable after sign-in.,pending,parked for Rohit - mandatory GSTIN/PAN field (agents forbidden) plus a mandatory Zip/pincode,"Account CREATED and SIGNED IN end-to-end: emailed-OTP sign-in, code read from Gmail /u/1, dashboard reached. Company Profile is filled except the two founder-only fields - Rohit Pandit / hello@easyinterview.life / India ",todo,,,
saasrow.com,SaasRow,0,software,!?,dofollow,yes,no,form,https://saasrow.com/submit,Bullet,,"submit page states 'Free Tier Includes: Dofollow backlink, 1 software listing, standard review 7-10 days' with the caveat 'Expires after 90 days (renewable)'; A",submitted,,"Free tier submitted, pending review (7-10 days); free listing EXPIRES after 90 days and is renewable. Their AI auto-fetched the logo and preview image correctly; edited title to EasyInterview, replaced the description wi",todo,,"PARKED 2026-09-14: free-tier flow completed (AI fetch, edited title/desc, category Software, freemium, tags education/educators/web, alternatives Chess.com/Lichess) but 'Submit All' -> email modal -> 'Failed to submit any entries' three times (no request captured). Retry later; free listing expires after 90 days anyway (low value).",2026-09-14
pwabuilder.com/microsoft-store,Microsoft Store (via PWABuilder),92,store,?!,dofollow,no,no,account+form,https://www.pwabuilder.com/,Classical,manifest.json exists. $19 one-time dev account. Store pages rank and link the site.,,not-attempted,,,todo,,,
pwabuilder.com/google-play,Google Play (TWA via PWABuilder),92,store,?!,nofollow,no,no,account+form,https://www.pwabuilder.com/,Classical,$25 one-time. Needs /.well-known/assetlinks.json.,,not-attempted,,,todo,,,
techinasia.com,Tech in Asia,82,software,?!,verify,yes,no,account+form,https://www.techinasia.com/companies/create,Blitz,,"Free account, then create a company profile (logo, description, funding, team). Editorial moderation.",blocked,publish returned Error 403,"Email login was refused with an IP bot-detection banner; Google SSO worked. Completed the whole 4-step company profile to 75% (name, logo, HQ India, Human Resource industry, 2-10 employees, UTM website, LinkedIn + X link",todo,,,
stackshare.io,StackShare,79,software,?!,dofollow,yes,no,account+form,https://stackshare.io/tools/new,Blitz,,"Free account, then add the tool (name, category, description, website) and optionally claim it as the vendor.",blocked,rejected: does not fit supported categories,"Signed in with Google. 'List a Tool' auto-scraped the site correctly; all copy replaced with Variant A + UTM URL, docs URL /blog, 7 features. Submit rejected: 'This tool does not fit into any of our supported categories.",todo,,,
betalist.com,BetaList,76,launch,?!,verify,yes,no,account+form,https://betalist.com/submit,Blitz,,"Explicitly for UPCOMING / pre-launch startups seeking early adopters. EasyInterview is already launched and in production, so it fails the core eligibility bar.",blocked,"publish is paid - every plan now charges at checkout, the free queue is gone","Eligibility itself would have passed: the FAQ now says BetaList features 'pre-launch and recently launched startups' with their own domain, so a launched product is acceptable. What blocks it is money: 'Payment is charge",todo,,,
softwareworld.co,SoftwareWorld,73,software,?!,verify,yes,no,account+form,https://www.softwareworld.co/add-your-software/,Blitz,,"Vendor profile, category selection, pricing, screenshots; review queue. Badge/'Top 10' placements are the paid upsell.",blocked,publish is paid ($99 one-time approval fee),Queue submission_url /add-your-software/ is a 404; live path is footer Get Listed -> /register/. No existing EasyInterview listing found. The register page states the listing policy twice: 'Claiming an existing SoftwareW,todo,,,
magicbox.tools,magicbox.tools,70,software,?!,dofollow,yes,no,account+form,https://magicbox.tools/submit,Blitz,,"Tool name, URL, category, description, screenshot; multilingual site (en/zh/ja) so listings syndicate across locales.",blocked,publish is paid,"Step 1 (tool name, UTM URL, hello@easyinterview.life) accepted, but step 2 is a hard paywall: cheapest option is Basic at $15.90 one-time, then Featured $19.90, Sponsored $29.90/mo. There is no free submission tier at al",todo,,,
tinystartups.com,Tiny Startups,70,software,?!,nofollow,yes,no,account+form,https://www.tinystartups.com/submit,Blitz,,"Product name, tagline, description, logo, category.",blocked,publish is paid,"Model has changed to pay-what-you-want ranking: 'any amount, whole dollars - Minimum bid is $49 to get listed', Stripe checkout only. Entered domain + email and the fetch step worked, but the only submit control is 'Pay ",todo,,,
versily.com,Versily,70,software,?!,verify,yes,no,account+form,https://versily.com,Blitz,,Product submission to community feed,blocked,signup broken,Thin JS shell - the page takes ~8s to render and is blank before that. 'Continue with Google' never completed the OAuth round-trip. Email signup accepted the address and a strong password (validator turned all-green) but,todo,,,
pitchwall.co,Pitchwall,69,software,?!,verify,yes,no,account+form,https://pitchwall.co/submit,Blitz,,"Account, product name, tagline, description, logo; daily launch feed.",blocked,profile username field rejects input,"A free plan does exist (Free Launch: 1-day homepage visibility, 30-day wait, claims dofollow DR 70) at /product/submit?plan=free. Google sign-in succeeded, but the site redirects every submit attempt to /account/profile ",todo,,,
serchen.com,Serchen,67,software,?!,verify,yes,no,account+form,https://www.serchen.com/vendors/,Blitz,,"Vendor account, company/product profile, category selection (Serchen has a live Recruiting Software category), then customer reviews.",blocked,publish is paid ($49.95 one-off Basic Membership via Stripe),Queue submission_url /vendors/ 404s; live path is footer 'List your software' -> /get-listed. Typed EasyInterview into 'Find my company': 'We don't have a listing for that yet' - nothing to claim. The new-listing form is,todo,,,
techdirectory.io,TechDirectory,67,software,?!,verify,yes,no,none,https://techdirectory.io,Bullet,,,blocked,403 Forbidden to a real browser too,"https://techdirectory.io/get-listed redirects to www and returns a bare '403 Forbidden' body in a logged-in Chrome session with a normal profile, not just to curl. Nothing to submit to; the bot wall is a hard block, not ",todo,,,
launchpadly.co,LaunchPadly,67,launch,?!,dofollow,yes,yes,account+form,https://launchpadly.co/submit,Blitz,,"Footer states 'Free to start, or paid tiers for homepage placement'; ~100 free spots per weekly cycle; 3-5 day review",blocked,site down - Cloudflare 522 Connection timed out on both / and /submit,"Origin server is unreachable, not a permission or captcha problem. Worth a retry another day; the free weekly cycle and DR67 claim are unverified because nothing loads.",todo,,,
crowdreviews.com,CrowdReviews.com,66,software,?!,verify,yes,no,account+form,https://www.crowdreviews.com/,Blitz,,Vendor account; ranking is review-count driven.,blocked,mandatory phone number,"The homepage intermittently 500s; /best-recruiting-software loads and does carry recruiting + HR categories. 'Register Your Business' opens a modal (Company Name, Company Website, Email, Phone Number, Contact Person, Ser",todo,,,
spotsaas.com,Spot SaaS,65,software,?!,dofollow,yes,no,account+form,https://www.spotsaas.com/get-listed,Blitz,,"Apply to get listed, no credit card. Curated — there are published listing criteria. Sits alongside 268 HR tools (BambooHR, Breezy HR, 15Five) so category fit i",blocked,mandatory phone number,"Searched spotsaas.com for EasyInterview first - no existing listing. /get-listed and /for-vendors both funnel to the only submission path: partners.spotsaas.com/listing/new, which redirects to the vendor portal login. Re",todo,,,
toolfio.com,Toolfio,60,software,?!,verify,yes,no,form,https://toolfio.com/submit,Bullet,,Curated — published Listing Guidelines ('Quality Over Quantity... every entry we approve is a recommendation we stand behind'). Runs an affiliate programme and ,blocked,free tier requires DR 20+ and a permanent badge backlink,"/submit is a 3-plan chooser. FREE LISTING is gated on 'minimum Domain Rating of 20 and a permanent badge on your site - our bots regularly crawl your site, badge removal = automatic delisting'. easyinterview.life is arou",todo,,,
earlyhunt.com,EarlyHunt,58,launch,?!,verify,yes,yes,launch-slot,https://earlyhunt.com/submit,Bullet,,"Projects launch at 08:00 UTC each Monday, so it is a scheduled launch slot, not an always-on listing. AI/startup framing.",blocked,free launch cannot be scheduled until the backlink verifies; first free slot is Nov 1 2027,"The project was already submitted from the earlier session - re-entering step 1 returned 'This website has already been submitted as ""EasyInterview""' and 'An AI project with this name already exists', so I did NOT create",rejected,,Skipped 2026-09-14: 'Submit Your AI Project' - AI-only directory.,2026-09-14
dirjournal.com,DirJournal,56,software,?!,verify,yes,no,account+form,https://dirjournal.com/,Blitz,,Generic web directory; ScrollLaunch's own notes say account + live URL + tagline + short description.,blocked,"paid-only, cheapest tier $59.95/year","Site loads fine in the real browser (curl gets 429 behind a Vercel checkpoint). The submit path is /list-business and it is a pure pricing page - 4 tiers only: Regular $59.95/yr, Featured $99.95/yr, Regular+ $159.95 one-",todo,,,
startupblink.com,StartupBlink,56,software,?!,verify,yes,no,account+form,https://www.startupblink.com/,Blitz,,"Ecosystem-map entry tied to a city (would be an Indian city, which is at least on-market). Profile fields: name, city, description, website.",blocked,free startup-submission flow no longer exists,Loads in the browser (curl is Cloudflare-walled). The site has been repositioned as a paid corporate-rankings/consulting product - the homepage's only call to action is 'Schedule a call to learn more about our Corporate ,todo,,,
microlaunch.net,Microlaunch,55,launch,?!,dofollow,yes,no,account+form,https://microlaunch.net/,Blitz,Monthly leaderboard; launch week.,"Account, launch listing, product logo/screenshots. Also runs /deals and /alt comparison pages.",blocked,publish is paid,"The free launch path is gone. /submit 302s straight to /premium#pricing offering only 'Pro Launch' at $39 (was $49). /launch, /products/new, /submit-product, /free-launch and /dashboard all 404; /signup renders an empty ",todo,,"NEEDS SIGN-IN (not logged in on 2026-09-14). Once Rohit signs in, 'New Launch' → free listing.",2026-09-14
maxibestof.one,MaxieBestOf,55,software,?!,verify,yes,no,form,https://maxibestof.one/submit,Bullet,,Unknown — Cloudflare challenge. ScrollLaunch's notes call it a 'minor backlink/citation' resource rather than a traffic driver.,blocked,bot-blocked (HTTP 403 Cloudflare on /submit),https://maxibestof.one/submit returns 403 to a normal desktop UA; not reached in the browser before the time cap. Worth one retry by hand.,todo,,,
ebool.com,eBool,52,software,?!,nofollow,yes,no,form,https://www.ebool.com/submit,Bullet,,"Product name, URL, category, description. Light/no review queue.",blocked,region-locked: submissions/registrations unavailable from this location,https://www.ebool.com/submit renders no form. Page body reads: 'Account access is unavailable in your region - We are not accepting new registrations or sign-ins from your location at the moment. If you are an existing c,todo,,,
shipybara.com,Shipybara,52,launch,?!,nofollow,yes,no,account+form,https://shipybara.com/projects/submit,Blitz,,Account + project form; paid upgrade sold through launchdirectories.com.,blocked,multi-step form not completed - shared-browser focus loss,"Account CREATED via Google sign-in as easyinterview.life@gmail.com (no password - add to credentials as Google sign-in). Dashboard reachable at https://shipybara.com/dashboard, 0 projects submitted. The 4-step submit wiz",todo,,,
devhunt.org,Dev Hunt,50,launch,?!,dofollow,yes,no,account+form,https://devhunt.org/,Blitz,"Open-source dev tools board. Lead with Socket.IO on Vercel, Stockfish WASM, React Compiler.","Developer-tools only, GitHub account, weekly launch format.",blocked,off-category (dev tools only) + broken Google OAuth redirect,"/submit 404s; the real entry is /login. Google login is offered alongside GitHub, but the OAuth redirect_to points at a Vercel preview deployment (devhunt-*.vercel.app) rather than devhunt.org, so the flow cannot complet",rejected,,2026-09-14: every launch week is $49 (no free lane) and 'non-dev tools will be removed'. Skip. (Profile completed with X link while checking.),2026-09-14
startupdope.com,Startup Dope,49,software,?!,dofollow,yes,no,form,https://startupdope.com/submit-news/,Bullet,,Short pitch form for early-stage startup/product coverage; editorial discretion on whether it runs. Part of the BLUECARBONS ecosystem.,blocked,mandatory phone number - the Contact field is required and states We Require a Phone number and An official email addres,"/submit-news/ has no form; it routes to onboarding.startupdope.com/submission-center then a Google Form (Startup Dope Product ShowCase, 1FAIpQLSd0MTw9...). Reached page 2 after choosing Product. The form was defaulted to",todo,,,
aidude.info,AI Dude,48,software,?!,verify,yes,no,form,https://aidude.info/submit-your-tool,Bullet,,Editorial curation; wants honest pricing/free-tier disclosure,blocked,publish is paid,"The landing page still claims 'Submitting is free', but the Submit Your Tool button now goes to a Gumroad checkout at submit.aidude.info priced 'Rs 1,896+' ('name a fair price' with a hard minimum) and the copy reads 'Wh",todo,,,
tools.launchllama.co,Launch Llama Tools,47,launch,?!,nofollow,yes,yes,form,https://tools.launchllama.co/submit,Bullet,,"Free submit form + review queue, no badge and no payment. Note: a dedicated product page needs a thumbnail plus more than 7 community upvotes; below that you ge",blocked,free listing needs the badge live before the manual review will pass,Dashboard showed the listing at '95% complete / In progress'; Continue went straight to step 3 of 3 (Add-ons -> badge). Clicked 'Verify badge on my site'. VERIFIER RESPONSE: 'Badge detected [checkmark]' then the button b,todo,,"Chrome MCP cannot navigate to tools.launchllama.co (blocked domain, like scrolllaunch/superlaun.ch) - Rohit: open /submit manually; free listing needs their badge live before review.",2026-09-14
builders.to,Builders.to,47,software,?!,dofollow,yes,no,account+form,https://builders.to/projects/pro-launch,Blitz,,Account + project submission. Primary business is an MVP-building service ('From idea to investor-ready MVP'); the project showcase is secondary.,blocked,sign-in broken on the site's side,"The queue's submission_url (https://builders.to/projects/pro-launch) is NOT a submit page - it is the listing page for someone else's product called 'Pro Launch'. The real path is https://builders.to/projects/new, which ",todo,,,
microsaasexamples.com,Micro SaaS Examples,47,software,?!,verify,yes,no,form,https://www.microsaasexamples.com/submit,Bullet,,Positioned as a micro-SaaS idea/example,blocked,"publish is paid - cheapest tier is Basic $3, no free option after the form","Form (name/email/URL) filled and submitted, but it routes straight to a pricing wall: Basic $3 (badge/backlink required), Featured $69, Sponsored $147. No $0 path. Nothing paid.",todo,,,
toolfinddir.com,Tool Find Dir,45,software,?!,dofollow,yes,yes,account+form,https://toolfinddir.com/get-started,Blitz,,"Google sign-in at /get-started, then submit form; free. Has an HR & Recruiting category.",blocked,details form locked until badge verification,"Re-entered https://www.easyinterview.life at step 1 (Generate Badge), badge regenerated against the same slug, then clicked Verify Badge with 'Website URL to Check' = https://www.easyinterview.life/. VERIFIER RESPONSE: n",todo,,,
startuptracker.io,Startup Tracker,44,software,?!,verify,yes,no,account+form,https://startuptracker.io/,Blitz,,Add a company record to their startup database,blocked,crowdsourcing form is broken - submit button does nothing,"Add-startup form lives at startuptracker.io/crowdsourcing/ (SPA). Entered name EasyInterview + https://www.easyinterview.life (page title updated to 'EasyInterview | Startup Tracker Crowdsourcing', so state registered) b",todo,,,
startups.fm,Startups.fm,44,software,?!,nofollow,yes,no,account+form,https://startups.fm/submit,Blitz,,"Product name, tagline, logo, screenshots",blocked,"publish is paid - GBP 49 one-off, no free tier",The 'freemium: free submission' in the sweep is out of date. https://startups.fm/submit now states in two places: 'One quick form - no account needed. GBP 49 one-off for a reviewed listing and a DR 49+ dofollow backlink',todo,,,
buildhop.io,BuildHop,43,software,?!,dofollow,yes,no,account+form,https://buildhop.io/app/create,Blitz,,ranks by dwell time and refuses products whose site will not render in an iframe,blocked,our own headers: x-frame-options DENY + CSP frame-ancestors 'none' - BuildHop refuses products it cannot iframe,Verified today against production: https://www.easyinterview.life/ returns `x-frame-options: DENY` and a CSP with `frame-ancestors 'none'`. BuildHop ranks by dwell time inside an iframe preview and rejects sites that wil,todo,,,
dododirectory.com,DodoDirectory,41,software,?!,dofollow,no,yes,,https://dododirectory.com,Bullet,,,blocked,free listing requires a permanent reciprocal badge on www.easyinterview.life before it will accept the submission,"Badge confirmed live on our homepage first (href https://dododirectory.com with rel=""dofollow"", exact match to their embed code). Flow: Select Free Listing -> step-1 gate 'Enter your URL and verify' -> entered https://ww",submitted,,"Submitted 2026-09-14 on Free plan after badge verify ('Submission Received', review up to 2 weeks, 1 permanent dofollow backlink; badge must stay). Categories Education + Community; tags Freemium/Open Source; icon + og image; X link. Submission id 13b1a7a8-6bf7-4e70-bf5d-5dbd08b37eb0. Declined $9.99/$49.99.",2026-09-14
indiehub.best,IIndieHub,40,software,?!,dofollow,yes,no,account+form,https://indiehub.best/submit,Blitz,,"logo, tagline, category; free tier typically requires a backlink badge on our site",blocked,no badge/embed snippet exists to capture - nothing to add to our footer yet,"SNIPPET CAPTURE ONLY (per instructions, not verified). Result: IndieHub publishes NO badge or embed page. /badge, /badges and /embed all 404 or redirect; the only 'badge' strings on the site are badges IndieHub itself di",todo,,,
findyoursaas.com,Find Your SaaS,40,software,?!,nofollow,yes,no,account+form,https://findyoursaas.com/onboard,Blitz,,Onboarding flow; pick category + audience tag (a 'Recruiters' audience option exists),blocked,listing gated behind posting 3 comments + 3 likes on other makers' tools,"Signed in with Google; /onboard redirects to /pricing (Standard Listing $0 one-off, 'No Back Links', lifetime free). Choosing it lands on 'Unlock your first listing - leave 3 comments and 3 likes on tools you like, then ",todo,,,
curateclick.com,CurateClick,39,software,?!,nofollow,yes,no,form,https://curateclick.com/submit,Bullet,,Hand-reviewed catalogue; free tier waits in a queue,submitted,,"Google sign-in (Supabase). Free package explicitly selected on /pricing - the site states the free tier is 'Nofollow link, review within 1-2 months, no guarantee of indexing'; dofollow is only sold at $6.90+ (queue's sus",submitted,https://curateclick.com/submit?package=free,"Free package submitted 2026-09-14 (manual review 1-2 months per pricing page; nofollow unless their badge is added — they need DR > 5, we are ~6, so a badge could flip it to dofollow later). Variant C dev copy with repo link.",2026-09-14
sumodir.com,SumoDir,39,software,?!,dofollow,yes,yes,form,https://sumodir.com/submit,Bullet,,"3-step submit wizard (type, details, publish); description up to 1,500 chars; manual review up to 2 weeks. Has Artificial Intelligence / SaaS / Startups / Custo",blocked,free listing gated behind 'Featured on SumoDir' badge verification on our own homepage/footer,"TWO-STAGE verification. Step 1/3 FREE LISTING -> entered https://www.easyinterview.life/ -> 'Verify' passed and the details form unlocked. Filled 153-char description + 905-char intro, categories Artificial Intelligence/",todo,,,
bai.tools,BAI,38,software,?!,nofollow,yes,no,form,https://bai.tools/submit-ai-tools,Bullet,,Free listing goes live in 1-6 months and carries NO backlink; 16-language site.,submitted,,Google sign-in required before submit. FREE LISTING tier selected explicitly ('Submit without backlink for free!'). Only two fields exist: AI Tool Name and website URL (UTM'd) - no description/category field on the free ,rejected,,Skipped 2026-09-14: AI-tools directory; free tier explicitly carries no backlink and takes 1-6 months. Off-fit.,2026-09-14
submithunt.com,SubmitHunt,38,launch,?!,verify,yes,no,form,https://submithunt.com/submit.html,Bullet,,"Listings are published as blog 'review' posts (e.g. /blog/pally-review), not standalone directory pages.",pending,free Standard Launch gated behind upvoting 3 other products,"Note submithunt.com itself is not navigable from this Chrome profile - use the www host. Signed in with Google, filled the whole product form (UTM'd URL, name, tagline 'Cheap 1,000 applicants to your best 20, on autopilo",todo,,,
appsandwebsites.com,Apps and Websites,37,software,?!,dofollow,yes,no,form,https://landing.mycloudmedia.co.uk/apps-and-websites-submit-ai-or-saas-tool/new-submission.html,Bullet,,WordPress/Elementor AI & SaaS tools directory run by MyCloudMedia (UK). Submission form is hosted off-site on landing.mycloudmedia.co.uk; editorial review befor,blocked,mandatory phone number,"Off-site form at landing.mycloudmedia.co.uk marks Phone* as required alongside first/last name, email, company, tool URL and category. Per brief this is a hard blocker; nothing submitted.",todo,,,
thetechpanda.com,Submit A Startup,37,software,?!,verify,yes,no,form,https://thetechpanda.com/submit-a-startup/,Bullet,,"editorial review; startup pitch, not a self-serve listing",blocked,no web form - submission is an email to submit@thetechpanda.com,"/submit-a-startup/ contains no form at all. It lists an 11-question editorial questionnaire (world impact, founder bios, competitors, why startups fail, marketing strategy, traction stats, logo/team/product image links, ",todo,,,
confettisaas.com,Confetti SaaS,36,software,?!,nofollow,yes,yes,form,https://confettisaas.com/submit,Bullet,,Free form; nothing goes live until you review the generated preview; also offers an MCP endpoint (https://confettisaas.com/mcp/) to submit via Claude/ChatGPT. P,live,,"VERIFIER RESPONSE: 'Badge found on your homepage - One step left: finish the submission to enter the editorial review. If we confirm the confetti use, your listing goes live with a dofollow backlink that lasts as long as",submitted,https://confettisaas.com/saas/playchess-tech,"Submitted 2026-09-14 (submission #2090, dashboard already logged in). Badge verified; 'Editorial review in progress', queue #467/467, ~47 weeks. Page /saas/playchess-tech exists now (nofollow until approval). Category Video Games, Freemium, confetti = VictoryConfetti on win. Declined $15 Fast Track.",2026-09-14
justhunt.co,Just Hunt,36,launch,?!,verify,yes,yes,account+form,https://justhunt.co/submit,Blitz,,SPA with a build-time badge-backlink injector (injectBadgeBacklinks in vite.config.ts) — badge exchange is baked into the product. Free launchpad.,submitted,,"FREE submission accepted - 'Submission Received! scheduled to launch on February 22, 2027'. Every free weekly slot before that is full and the only way to jump the queue is $2.99 unlock (declined per money rules); Feb 22",submitted,https://justhunt.co/startups/replaychess,"Submitted 2026-09-14 (free queue, launch date Mar 8 2027 unless unlocked $2.99 - declined). Badge verified 2026-09-14 ('Badge verified - Found a JustHunt badge'). Page: /startups/replaychess",2026-09-14
toolfolio.io,toolfolio,36,software,?!,verify,yes,no,form,https://toolfolio.com/,Bullet,,Domain moved from toolfolio.io to toolfolio.com (301),blocked,no free submission path - 'Submit tool' now points at a paid Boosted Listing page,"Domain has moved to toolfolio.com as the queue says, but the free form is gone: /submit returns their 'Page not found', and the only 'Submit tool' link in the nav and sidebar goes to /boosted-listing, a sales page for pa",todo,,,
crazyaboutstartups.com,Crazy About Startups,36,software,?!,verify,no,no,,https://www.crazyaboutstartups.com,Bullet,,,skipped,site is offline for a rebuild - no submission form exists,"Host resolves now (200 on https://crazyaboutstartups.com/, the www host still times out) but the whole site is a WordPress 'minimal-coming-soon-maintenance-mode' splash: 'A new era of Crazy about Startups is coming - We ",todo,,,
shipyardhq.dev,ShipYardHQ,35,launch,?!,verify,yes,no,account+form,https://shipyardhq.dev/member/products/add,Blitz,,Account required; product goes into /products/<slug> with categories and a launch leaderboard.,live,,"Best result of the batch - PUBLISHED and live on the free plan, verified 200. 5-step wizard completed manually (never touched their 'RUN AI AUTOFILL'): UTM'd URL, name, tagline, category AI & Machine Learning, platform W",live,https://shipyardhq.dev/products/replaychess,"LIVE 2026-09-14 (free plan, Pro Founder account). Public page links via /r/replaychess 307 redirect (rel noopener noreferrer) - direct dofollow link is a $8.99 Featured feature; skip. Optional TXT verify: TXT @ prod-verif-shipyard-976843f8588a",2026-09-14
startups-list.com,Startups List,34,software,?!,nofollow,yes,no,form,https://bangalore.startups-list.com/,Bullet,,Network of city startup lists (bangalore./mumbai./delhi. subdomains exist - genuinely India-relevant). 'Submit Your Startup' form per city.,submitted,,"Used the MUMBAI city subdomain rather than the bangalore one in the queue, since HQ is Mumbai (mumbai.startups-list.com resolves and has the same /submit form; delhi. does not resolve). Simple 4-field form, no account: n",submitted,,"Submitted 2026-09-14 via mumbai.startups-list.com/submit (name, URL, description, personal Gmail): 'Submission received'. Nofollow per EI.",2026-09-14
fivetaco.com,FiveTaco,34,software,?!,verify,yes,no,form,https://fivetaco.com/submit,Bullet,,Curated 'how solopreneurs find software' angle,submitted,,"URL-only submission form; requires an account (created via email, password recorded in credentials file). Confirmation: 'Submission successful! Your URL has been received and is now under review by the FiveTaco team. We'",submitted,,URL-only submit 2026-09-14 (existing EI account session): 'Submission successful - under review'. Email notification on approval.,2026-09-14
techbehemoths.com,TechBehemoths,34,software,?!,verify,yes,no,account+form,https://techbehemoths.com/companies/get-listed,Blitz,,"Directory of IT SERVICE PROVIDERS / agencies (dev shops, marketing agencies), profiled by services and countries - not a SaaS product directory.",blocked,agency-only directory - get-listed form asks for 'Agency name' and the whole taxonomy is IT service providers; a SaaS pr,"Page loads fine in Chrome (curl gets 403 from Cloudflare). Single field 'Type here your Agency name'; site nav is 'Discover All Agencies in the World'. Category rejected, no submission made.",todo,,,
aisuperhub.io,AISuperHub,31,software,?!,verify,yes,no,account+form,https://www.aisuperhub.io/submit,Blitz,,Free & premium listing tiers; review queue,submitted,,"Free tier is genuinely $0 (site claims a do-follow backlink; queue wait 90+ days). No account needed. Submitted via /ai-tools/submit/free with Variant C copy: 23-word short description, 232-word long description, categor",rejected,,"Skipped 2026-09-14: AI-tools-only directory (free queue 90+ days, dofollow only meaningful on $49 premium). ReplayChess is not an AI tool - off-fit.",2026-09-14
ramen.tools,Ramen.Tools,31,software,?!,nofollow,yes,no,account+form,https://ramen.tools/explore,Blitz,,Makers create a profile and list the tools in their stack; tools get a /<slug> page. To be a listed tool you need makers to add you to their stacks.,pending,tool listing requires building a maker stack - dashboard demands a tool group plus 'at least 5 tools' before the profile,"Maker account created via Google sign-in (X / LinkedIn / Google only, no email option); username 'easyinterview', profile live at ramen.tools/@easyinterview. Tools are added to your own stack, so EasyInterview only gets ",rejected,,Skipped 2026-09-14: tools only get pages when makers add them to their stacks; nofollow. No direct submission path.,2026-09-14
weekhack.com,WeekHack,31,software,?!,nofollow,yes,no,account+form,https://www.weekhack.com/launches,Blitz,,Weekly launch cycle; has a 'Talent Approved' style HR listing so HR products are accepted,pending,"final 'Continue' button stays disabled - the React form never registers programmatically entered values, so the free lau","Account created with email + password (recorded in credentials file). Free plan ($0, queue) selected - the $19 premium tier was left alone. Form filled with Variant A copy, tagline '1,000 applicants to your best 20, on a",todo,,,
startups.fyi,Startups.fyi,31,software,?!,nofollow,yes,no,form,https://tally.so/r/3lOGLk,Bullet,,Webflow site publishing 'How <X> earns' revenue case studies at /product/<slug>; submissions go through a Tally form and are editorially selected.,blocked,publish is paid - 'Featured Listings start at just $29'; the Tally form states the listing is not complete until payment,Tally form at tally.so/r/3lOGLk collects first/last name and email then routes to a paid checkout. No free tier. Stopped before any payment step.,todo,,,
hunt0.com,HUNT0,30,launch,?!,nofollow,yes,no,account+form,https://hunt0.com/submit,Blitz,,"Launch-style submission; /submit itself is noindex (normal), product pages are not",live,,"Free Launch (community queue) chosen - Badge Launch and Premium Launch left untouched. Logo + 2 screenshots uploaded, categories AI Tools + Productivity, tags ai/automation/b2b/hiring/hr/recruiting/voice, contact hello@e",todo,,,
desifounder.com,DesiFounder,30,software,?!,verify,yes,no,account+form,https://desifounder.com/create/project,Blitz,,"Signup required. Indian startup community: /spotlight (weekly project spotlight), /forum, /event, /fund, /articles. Project creation is behind login.",submitted,,"Account created via Google, username 'easyinterview', bio set. Spotlight project submitted for Week 38 2026 with the founder story opener, tagline 'AI phone-screens applicants, returns a ranked shortlist', categories AI/",todo,,,
aat.ee,aat.ee,30,software,?!,dofollow,yes,no,account+form,https://www.aat.ee/projects/submit,Blitz,,"Sign up, submit project at /projects/submit. Has categories, alternatives, trending and a weekly winners page. Paid Fast Track advertised on /pricing.",blocked,site-side bug: final 'Submit Project' returns 'An error occurred in the Server Components render' - now failed 3 times a,"Draft survives in localStorage, so all 4 steps were re-confirmed quickly: name/URL/tagline retyped (they append rather than replace, so select-all first), Variant A description, logo + product image already attached, 1 c",todo,,,
productlaunchpad.app,ProductLaunchpad,29,launch,?!,nofollow,yes,no,account+form,https://productlaunchpad.app/launch,Blitz,,Launch-slot model with categories and product pages at /products/<slug>.,blocked,publish is paid - the only options are Single Launch $9 one-time or Lifetime Pass $29 one-time; the word 'free' does not,"The queue row listed this as free, but the site has since moved to paid-only launch slots. No free path to a listing. Queue had already verified the product links are nofollow.",todo,,,
tools.so,Submit,28,software,?!,verify,yes,no,form,https://tools.so/submit,Bullet,,"/submit embeds a Tally form (data-tally-src=""https://tally.so/embed/3EPN9B"", title 'Suggest Tool') — free, anonymous, no account. Has a 'Startup Directory' cate",submitted,,"tools.so/submit renders a blank shell in this Chrome, so the embedded Tally form was opened directly at https://tally.so/r/3EPN9B. Four fields only: URL, tool X handle (@easyintervw), 'I'm the maker of this tool', contac",todo,,,
buildlist.io,BuildList,28,software,?!,nofollow,unknown,yes,account+form,https://buildlist.io/submit,Blitz,,"pricing page lists ONLY paid tiers - $29 Challenger / $49 Leader / $99 Frontrunner; the /founders profiles read as AI-generated personas (maya-chen, devon-brook",pending,badge queued for footer deploy,"6-step wizard completed manually (I used 'Skip and fill manually', never the 'Fetch details with AI' button). Category HR / Recruiting, 5 tags, logo uploaded, X handle easyintervw, Variant C description. FREE TIER DOES E",todo,,,
poweredbyai.app,PoweredbyAI,28,software,?!,dofollow,yes,no,form,https://poweredbyai.app/submit-tool,Bullet,,"Free submit form. Tools get a /project/<slug>-<hash> review page. Sitemap shows ~6,600 project pages, 182 /tool pages and 72 categories INCLUDING /ai-tools/huma",blocked,publish is paid,"Free listing no longer exists. The form itself is fine and I filled it fully - Human Resources & Recruitment / Resume Screening category (the HR bucket the research flagged), Variant C description replacing their auto-ge",todo,,,
makerlist.io,Makerlist.io,27,software,?!,verify,yes,no,form,https://makerlist.io/,Bullet,,"Tool/startup directory with /tools/<category> pages (saas, ai, automation, directory, ...). Submit button is JS-driven; no static form URL exposed.",submitted,,"Free submission accepted: 'Listing submitted successfully. There are 8 listings ahead of this one. This listing will automatically go live on September 9, 2026.' Declined the 'Skip the line for $29' upsell. Icon (app-ico",todo,,NEEDS SIGN-IN 2026-09-14 ('Login to submit'; EI submitted free with 8-listing queue). Rohit: log in at makerlist.io and submit; declines $29 skip-the-line.,2026-09-14
dropyourai.com,DropYourAI,27,software,?!,nofollow,yes,no,form,https://www.dropyourai.com/submit-tool,Bullet,,"Logo upload (max 15MB), email, phone, website, pricing type, short + long description, optional YouTube/Twitter/LinkedIn; every tool is manually reviewed",blocked,"mandatory 'Add Image' Wix uploader only accepts a file chosen through the native OS file-picker dialog, which cannot be ","Free submission form (Wix). Filled everything with Variant C copy: project name, email, UTM URL, 36-char short description, ~1250-char long description, pricing Paid / 3 / USD / one time off (price field is mandatory), A",todo,,,
saasgrow.app,SaaSGrow,26,software,?!,verify,yes,yes,account+form,https://saasgrow.app/submit,Blitz,,Login required before submit (/login?callbackUrl=/submit),submitted,free listing needs a SaaSGrow badge on easyinterview.life before approval,"'Project Submitted!' confirmed. Variant B copy, category Hiring, tagline 'AI phone interviews in 11 Indian languages, ranked for you.', logo URL https://www.easyinterview.life/apple-icon.png, UTM-tagged website. Did NOT ",todo,,,
anyfp.com,ANYFP,26,software,?!,nofollow,yes,no,form,https://anyfp.com/submit,Bullet,,Tool page auto-generated with utm-tagged outbound link; badge offered at /badge,submitted,,"Free 3-step form, no account needed. Category Business, pricing Paid + price note 'Usage-based, pay per screen', platform Web, 7 key features, logo app-icon-512.png + screenshot home-1440x900.png uploaded. Confirmation e",rejected,,Skipped 2026-09-14: 'Submit your AI tool' directory (nofollow per EI); ReplayChess is not an AI tool - off-fit.,2026-09-14
startuups.com,startuups,26,software,?!,dofollow,yes,no,account+form,https://startuups.com/projects/submit,Blitz,,"Sign up, submit at /projects/submit, choose categories (saas, ai, productivity, marketing-tools). Weekly winners page.",blocked,publish is paid - 0 free slots in every offered launch week,"Re-checked as instructed. The earlier draft had NOT persisted (dashboard showed 0 projects), so I re-did the whole wizard: step 1 name/URL(utm)/60-char short description/logo/product image, step 2 rotated Variant A long ",todo,,,
launchitx.com,LaunchitX,26,launch,?!,verify,yes,no,form,https://launchitx.com/,Bullet,,Unknown — site behind Cloudflare challenge,blocked,"Cloudflare bot wall - HTTP 403 on every request, root and /submit",Confirmed twice by curl with a real Chrome UA: https://launchitx.com/ returns 403 and never serves HTML. No submission path reachable.,todo,,,
textlinkdirectory.com,Text Link Directory,26,software,?!,dofollow,yes,yes,form,https://www.textlinkdirectory.com/index.php?go=addpage&catid=31,Bullet,,"Form text: 'Free. Review within 30 to 60 days. Free Inclusion is NOT Guaranteed' / '$5.00 one-time - approval within 24 hours, guaranteed'. Email + title + desc",blocked,"site verifier broken - reciprocal link IS live but ""The link could not be validated!""","TRIAGE 2026-09-09: our homepage carries their exact required anchor <a href=""https://www.textlinkdirectory.com"" ...>Text Link Directory</a> (verified in the raw HTML of https://www.easyinterview.life/). Refilled Url/Titl",todo,,,
startupproject.org,The Startup Project,25,software,?!,nofollow,yes,no,form,https://startupproject.org/submit-startup/,Bullet,,Startup submission form; /startups/ index exists (HTTP 200),submitted,,"Confirmation shown: 'Your startup has been submitted! We'll review it and notify you once your listing is live.' No account needed. Founder Rohit Pandit, industry SaaS, stage Launched, team 2-5 people, revenue band 'Unde",submitted,,"Submitted 2026-09-14: 'Your startup has been submitted! We'll review and notify you once live.' Industry Education, Launched, Pre-revenue (unverified), Solo founder. NB: they require a link back to the listing (their 'Featured' badge) to maintain it - add badge once live (nofollow per EI).",2026-09-14
toolsclaw.com,ToolsClaw,25,software,?!,dofollow,yes,yes,form,https://toolsclaw.com/submit,Bullet,,Free tier queues for review; also pushes submitaitools.org upsell,blocked,free tier hard-gated on a reciprocal badge: submit returns 'A dofollow backlink to our site was not found on your websit,"No manual verify button by design (cron checks the footer backlink). Re-filled step 1 (URL/name/tagline/description persisted from the earlier draft; set Pricing=Paid, Founded 2026, category Artificial intelligence, Plat",todo,,,
navs.site,Navs Site,25,software,?!,dofollow,yes,no,form,https://navs.site/submit,Bullet,,Open submit form (HTTP 200),blocked,sign-in required and no reachable login route,"Not an open form any more: 'Sign in is required to submit a tool' and 'Sign in before uploading an image'. I completed everything else - UTM'd URL, name, short description, 1,700-char detailed description (they demand 1,",todo,,,
scoutforge.net,Scout Forge,25,software,?!,dofollow,yes,no,account+form,https://scoutforge.net/app-register,Blitz,,"/submit is 404; the route is /app-register. Editorial app-review angle, expect a review queue",blocked,google oauth callback never established a session,"Google OAuth is the broken path (this is why the previous agent's /app-register spun) - email signup works. Created username EasyInterview, activated via the verification link main relayed, signed in, then reached the wi",todo,,,
bufferapps.com,BufferApps,25,software,?!,verify,yes,no,account+form,https://bufferapps.com/submit-product,Blitz,,"3-step form (product info, extras, images); 'Join Beta' - product still early",blocked,Publish requires an account; Google OAuth popup never returns and email signup would not submit,"All 3 steps filled (name, tagline, utm URL, Variant B rich-text description, categories Saas + Productivity, X + LinkedIn URLs, icon + product image uploaded). Publish redirects to /auth/signin. 'Continue with Google' op",todo,,,
joinly.xyz,JOINLY,25,software,?!,dofollow,yes,no,form,https://www.joinly.xyz/submit-startup,Bullet,,"Plain HTML form: name, website URL, email, headline, long description, country. India is in the country list. No account, no payment step, no captcha markup fou",blocked,publish is paid - INR 499 PayPro Global checkout,"Research said free/no-login/no-captcha, and the form really is open: filled name, www URL (the field forbids query strings so no UTM), 80-char headline, two-paragraph rich-text description, India, 256x256 logo and a 1024",todo,,,
productlaunch.com.br,Product Launch,24,launch,?!,nofollow,yes,no,account+form,https://productlaunch.com.br/projetos/enviar,Blitz,,Portuguese-language Brazilian launch board (Open-Launch white label),already-listed,,"Account created via Entrar com Google, then the 4-step wizard completed and submitted. Free plan (R$ 0) selected - no badge and no payment required; the paid tiers (R$20 / R$25) were left untouched. Scheduled launch: Fri",todo,,,
productivity.directory,Productivity Directory,24,software,?!,dofollow,yes,no,account+form,https://productivity.directory/s/submit,Blitz,,/s/submit redirects to /user/signin; real editorial directory with reviews and guides,blocked,"publish is paid (cheapest plan $24, no free tier)","Full listing saved as submission 824 (name, URL, tagline, description, logo, 2 screenshots, categories AI Agents + AI Tools + Workflow Automation, pricing Paid, X + LinkedIn). Step 2 is a paywall: Submit $49->24, Pro $19",todo,,,
bro.directory,BRO Directory,24,software,?!,dofollow,yes,no,account+form,https://bro.directory/products/submit,Blitz,,Launch/upvote model,blocked,publish is paid,"Signed in with Google (free account created), but the submit form's only action button reads '$1.99 - Submit Product' - a per-submission fee with no free tier anywhere on the page. Nothing submitted, no payment made. Lis",todo,,,
fastlaunch.io,FastLaunch,24,launch,?!,nofollow,yes,no,account+form,https://fastlaunch.io/projects/submit,Blitz,,/projects/submit redirects to /sign-in,skipped,,"Not attempted - ran out of time budget after the earlier sites overran. Confirmed reachable: /projects/submit 302s to /sign-in?redirect=/projects/submit, so an email account must be created first. Worth a retry in a late",todo,,,
saasscout.org,SaaS Scout,23,software,?!,verify,yes,no,form,https://saasscout.org/submit,Bullet,,"Submit page is real (canonical self, robots index,follow) but the directory itself is client-rendered",live,,"Live immediately, no account required. Tagline 'AI phone-screens applicants and returns a ranked shortlist', Variant B description, category AI (their list also offers HR & Recruiting), 7 tags, X handle @easyintervw, log",rejected,,Site dead 2026-09-14: saasscout.org shows Replit 'This app isn't live yet' page.,2026-09-14
listyourtool.com,ListYourTool,23,software,?!,nofollow,yes,no,form,https://www.listyourtool.com/submit-tool,Bullet,,Open submit form; also sells /promote placements,submitted,,"Open form, no account needed. Tags AI Recruiting / AI Interview Assistant / AI Voice Assistants. Pricing model had no usage-based option (Free/Paid/Freemium/One-time) - chose Paid + price 3 per brief fallback, which the ",todo,,,
vibeapps.dev,Vibe Apps,23,software,?!,verify,yes,no,account+form,https://vibeapps.dev/submit,Blitz,,Community for showing off vibe-coded apps,submitted,,"Google sign-in via Clerk; username set to 'easyinterview'. Full listing: name, tagline, description, UTM URL, homepage screenshot upload, new tags hiring / recruiting automation / AI interviewer. Confirmation banner 'Tha",todo,,,
bowora.com,Bowora,23,software,?!,nofollow,yes,no,account+form,https://bowora.com/,Blitz,,"Founder network + startup directory, root-level slugs (/actvox.com)",pending,free publish requires a Bowora badge/link on easyinterview.life then 'Verify link'; the only other path is a $2 payment ,"Account created via Register with Google. Full 7-step profile completed and saved through Preview: name EasyInterview, tagline 'The AI hiring pipeline for high-volume hiring', Variant A description, category HR & Recruit",todo,,,
goodtool.online,GoodToolOnline,23,software,?!,nofollow,yes,no,account+form,https://goodtool.online/submit,Blitz,,Launch board,pending,free launch gated on upvoting 3 other tools first,"Account created and email-verified. Draft #463 saved with full copy, HR & Recruiting category, logo + homepage screenshot, 5 tags, and the $0 Free Launch plan selected (estimated launch week of 9 Nov 2026; premium $2.9 d",todo,,,
ailaunch.space,AI Launch Space,23,launch,?!,dofollow,yes,yes,form,https://ailaunch.space/submit,Bullet,,Open submit form (HTTP 200),blocked,free tier requires their badge on our homepage before Submit unlocks,"Standard Launch (Free) plan. Verifier response verbatim: 'Badge Verified!' - the Submit Project button then un-disabled. Variant-C copy (935 chars), categories AI + HR, pricing Paid, logo https://www.easyinterview.life/a",todo,,,
softwarebolt.com,Software Bolt,23,software,?!,dofollow,yes,yes,account+form,https://softwarebolt.com/submit,Blitz,,Confirmed on /submit: 'Log in to Submit … Log in with Google'; categories include HR & Recruiting,blocked,badge required on our homepage before the listing form opens,"Re-entered https://www.easyinterview.life at step 1 (regenerated the SAME slug /product/easyinterview that the homepage badge points at), then 'Verify Badge' against https://www.easyinterview.life/ - verification passed ",todo,,,
sharefast.co,Share Fast,23,software,?!,dofollow,yes,no,form,https://sharefast.co/submit,Bullet,,Open submit form (HTTP 200),blocked,free tier gated by a DR 10 minimum; only the $2.99 paid path remains,"Signed in and filled everything (Human Resources category, 144-char short description, 716-char detailed description, homepage screenshot). Their check reported 'This domain has DR 3.2, below the DR 10 minimum' and the '",todo,,,
aitach.com,AITACH,23,software,?!,nofollow,yes,no,form,https://aitach.com/submit-a-tool,Bullet,,Open submit form,blocked,login required and their Google OAuth callback never establishes a session,"/submit-a-tool shows no form until logged in, and the only auth options are Google / Facebook / GitHub (no email signup). Completed the full Google flow twice - account chooser, easyinterview.life@gmail.com, Continue on ",todo,,,
indielaunchers.com,Indie Launchers,23,launch,?!,verify,yes,no,account+form,https://indielaunchers.com/launch,Blitz,,Launch/upvote flow with /leaderboard and /upcoming,blocked,GitHub-only auth,"/login and /register offer only 'Continue with GitHub' - no email or Google option. Brief says avoid GitHub, so no path in.",todo,,,
tinyhunt.dev,TinyHunt,23,launch,?!,dofollow,no,yes,,https://tinyhunt.dev,Bullet,,,blocked,free launch requires the TinyHunt badge live on our homepage plus a passing 'Verify Backlink' check - the Next button st,"Badge confirmed live on our homepage before verifying (href https://tinyhunt.dev/projects/easyinterview?utm_source=badge, exact match to their embed code). Slug was reserved but no draft had persisted - re-entered the wh",todo,,,
toolsaiapp.com,Tools Ai,22,software,?!,nofollow,yes,no,account+form,https://toolsaiapp.com/submit-your-ai-tool/,Blitz,,Register/login; free listing tier plus paid upsells,pending,captcha parked in tab,"Free listing tier confirmed, but submission requires an account. Registration form fully filled (Rohit Pandit, easyinterview.life@gmail.com, password in credentials file, T&C accepted) and left open in tab 185482896 at t",todo,,,
launchvault.dev,Launch Vault,22,launch,?!,nofollow,yes,no,account+form,https://www.launchvault.dev/projects/submit,Blitz,,Sign in (Google/GitHub/email) to submit; Open-Launch powered,pending,Google OAuth would not complete,"Free listing exists (paid sponsor slots are the upsell). 'Login with Google' opens the Google account chooser, but selecting easyinterview.life@gmail.com never advanced - both extension clicks and JS clicks were ignored/",todo,,,
ki-suche.io,ki-suche.io,22,software,?!,verify,yes,no,form,https://ki-suche.io/,Bullet,,Unknown — German-language AI tool search,blocked,site returns HTTP 429 to every request (bot checkpoint),"Confirmed twice via curl with a real Chrome UA - 429 on the root URL, so no submit page is reachable. German-language AI search with no overlap with our buyers anyway.",todo,,,
saascity.io,SaaSCity Map,22,software,?!,verify,yes,yes,account+form,https://saascity.io/saascity?submit=1,Blitz,,Gamified map — your product becomes a building on a canvas map,skipped,free tier requires a reciprocal SaaSCity badge on our homepage,"Not attempted - ran out of the run's time budget after the earlier sites took far longer than planned. Recon only: /saascity?submit=1 loads and shows $1/$6/$11 price points alongside the submit flow, so the free path nee",todo,,,
aifeed.dev,aifeed.dev,21,software,?!,nofollow,yes,no,account+form,https://aifeed.dev/submit,Blitz,,Must register/login (email or Google) before submitting; HN-style link feed,submitted,,"Registered + email-confirmed (username easyinterview). Submit page offers paid $5 'publish + dofollow' OR free 'submit for review' (published as nofollow, reviewed 1-2 days). Used the FREE path, category 'ai tools'. Form",todo,,,
startup88.com,Startup88,21,software,?!,nofollow,yes,no,form,https://startup88.com,Bullet,,,submitted,,Pitch submitted successfully - confirmation read 'You made it :) Thanks very much for submitting your Startup.' No account needed. Submissions go through a 14-question Typeform reached from the 'Pitch your Startup' categ,todo,,,
directree.io,Directree,21,software,?!,nofollow,yes,yes,account+form,https://www.directree.io/submit,Blitz,,free listings sit in a 2-3 week review queue; $19 Fast Lane or $49 Plus skips it,submitted,edits + do-follow are staged for 20 days on the Free plan (or instant for $19 - not paid); badge must go in our footer,"CLAIM SUCCEEDED. Meta-tag method had been rejected twice; used Email domain method instead: sent a 6-digit code to rohit@easyinterview.life, read it in Gmail /u/2, entered it -> 'Verified! You now own EasyInterview'. GOT",todo,,,
launch-list.org,Launch List,21,launch,?!,verify,yes,no,badge-for-dofollow,https://launch-list.org/submit/product,Bullet,,"Free tier: ""Community waiting queue"", ""Dofollow backlink after badge is placed"", ""Community support required"" (you must support other launches)",blocked,submit form does not render (perpetual spinner),"Signed in successfully (nav shows 'My List'), but https://www.launch-list.org/submit/product renders only the page header - the form area sits on a spinner indefinitely (retried, 20s+). From /pricing the Free Launch is: ",todo,,,
globalbusinesslisting.org,Global Business Directory,21,software,?!,verify,yes,no,account+form,https://www.globalbusinesslisting.org/listings,Blitz,,Local-business style listing (address/phone/category); B2B category exists,skipped,mandatory phone number + mandatory street address,"Not attempted - ran out of the run's time budget. Recon only: /listings returns 200 and exposes 'Add Listing' plus Register, so a free path likely exists, but it is a local-business-format directory (address/phone) which",todo,,,
nextbigproduct.com,Next Big Product,20,software,?!,nofollow,yes,no,account+form,https://nextbigproduct.com/,Blitz,,/submit is 404; submission runs through an account flow. Has an 'AI Voice Agents' category that fits us,live,,"Free plan ($0) used - paid Growth/Pro/Business plans declined. Skipped the 'Generate Listing With AI' button (used 'Skip AI - Add details yourself') so all copy is ours. Category AI; audiences HR Professionals, Recruiter",todo,,,
slocco.com,Slocco,20,software,?!,nofollow,yes,no,account+form,https://slocco.com/submit,Blitz,,Catalogue is /app/ entries — mostly mobile apps and consumer deals,submitted,,"Queue's /submit is 404; the real route is /new-app (login required). Free listing confirmed: $0 forever, no card, reviewed in 5-7 days; paid Express Launch ($9.99/$19.99) declined. Registered + 6-digit email verification",todo,,,
awesomeindie.com,AwesomeIndie,20,software,?!,nofollow,yes,no,account+form,https://awesomeindie.com/submit,Blitz,,Login then Add product,submitted,,"Google sign-in (OAuth is the only option - no email/password). Profile onboarding completed (username rohitpandit, Mumbai). Their AI auto-fill FAILED to describe the site, so every field is our own copy: tagline '1,000 a",todo,,,
toolkitly.com,Toolkitly,20,software,?!,nofollow,yes,no,account+form,https://www.toolkitly.com/sign-up,Blitz,,Account required; has compare/pricing features,pending,"5-step wizard not finished within the time cap - steps 1-2 saved, steps 3-5 (pricing, FAQs, images) still to do","Account created and signed in (Cloudflare Turnstile auto-cleared). Submit route is My Account > Submit a Tool > 'Submit Ai Tool Now!' -> /submit-tools. Step 1 saved: name, UTM URL, company EasyInterview, location Mumbai ",todo,,,
aibesttop.com,AI Best Top,20,software,?!,dofollow,yes,yes,account+form,https://aibesttop.com/submit,Blitz,,Login via email/Google/GitHub then submit,blocked,free plan button reads 'Complete Backlink Setup First' - needs their backlink on our site,Entered https://www.easyinterview.life/ in Step 4 and clicked 'Verify Now'. Verifier response verbatim: '✓ Backlink verified - You can proceed'; the gated FREE button changed from 'Complete Backlink Setup First' to 'Subm,todo,,,
toolfame.com,ToolFame,20,launch,?!,dofollow,yes,yes,account+form,https://toolfame.com/submit,Blitz,,Login via email/Google/GitHub then submit,blocked,free plan requires reciprocal badge verification on our site,"Chose Free Plan, then 'Verify Badge' against the prefilled https://www.easyinterview.life/?utm_source=toolfame... . Verifier response verbatim: 'Verification Successful! / Badge verification successful! / Found badge lin",todo,,,
reviano.com,Reviano,20,software,?!,verify,yes,no,account+form,https://www.reviano.com/submit-listing.html,Blitz,,Login required before the submit form loads,blocked,"site returns HTTP 403 to every request (Cloudflare bot block) on both / and /submit-listing.html, so the submit form nev",Confirms the wave-3 assessment: submission is login-gated and the software detail pages 404/noindex. No free listing reachable.,todo,,,
aidemos.com,AI Demos,20,software,?!,dofollow,yes,no,account+form,https://aidemos.com/,Blitz,,/submit and /submit-tool both 404; login exists at /api/auth/login so submission is likely behind an account,blocked,"no submission route exists - /submit, /submit-tool and /add all 404 and the sitemap contains no submit/add/list URL","Only /api/auth/login responds, and no public 'submit a tool' entry point links to it. Category set also has no HR/recruiting bucket, so even a hidden route would be a poor fit. Confirms the wave-3 assessment.",todo,,,
thefastestweb.site,TheFastestWeb,18,software,?!,dofollow,yes,no,account+form,https://thefastestweb.site/submit,Blitz,,Google sign-in required. The site runs a page-speed test on your URL and puts you on a public leaderboard; it advertises 'a permanent dofollow backlink'.,blocked,google oauth account chooser would not advance,"Submission is gated behind 'Continue with Google' - there is no email path. The Google account chooser opened and listed easyinterview.life@gmail.com, but every click on that row (element ref, coordinates, and scripted c",todo,,,
aiawesome.com,AI Awesome,18,software,?!,verify,yes,no,form,https://iujeg098d00.typeform.com/submit-ai-tool,Bullet,,"Typeform submission, no account",blocked,the only submit path is a dead Typeform - https://iujeg098d00.typeform.com/submit-ai-tool redirects to typeform.com/expl,"aiawesome.com/submit exists but every CTA on it points at that same dead Typeform (also the job and HustleGPT forms). Site footer reads 'AI Awesome (c) 2022-2024', so the directory looks abandoned. No alternative submit ",todo,,,
saassurf.com,SaaS Surf,18,software,?!,nofollow,yes,no,form,https://saassurf.com/submit-a-product,Bullet,,"Curated for developers, designers and makers",blocked,no free submission form - free listing is email-only (hello@saassurf.com); the on-page SUBMIT PRODUCT button links to #s,Verified in HTML: only form on /submit-a-product is a Mailchimp newsletter signup; no Tally/Typeform/Airtable embed. Free path is 'Send us an email' to hello@saassurf.com - needs founder approval to send.,todo,,,
launch.community,Launch.community,17,launch,?!,verify,yes,no,account+form,https://launch.community/,Blitz,,Pre-launch startup waitlist discovery; nothing is server-rendered so requirements can only be seen in-browser.,live,,"Free 'Submit Your Startup ($0)' accepted; confirmation 'EasyInterview is now live on Launch.community'. Profile also completed (username easyinterview, bio, site, X, LinkedIn). Category AI & Machine Learning, pricing 'Us",todo,,,
indietools.app,IndieTools,17,software,?!,nofollow,yes,yes,account+form,https://www.indietools.app/submit,Blitz,,"Indie product directory with founder profiles, categories, countries.",submitted,,"Free tier ($0 forever, permanent listing) submitted for review. Category AI, country India, launch year 2026, tags hiring / AI Automation / Voice assistant, logo auto-pulled. Confirmation: 'Product and setup saved - your",todo,,,
applauncher.io,App Launcher,17,launch,?!,nofollow,yes,no,account+form,https://www.applauncher.io/launch,Blitz,,Weekly launch competition format; categories are AI / Chrome Extension / Marketing,submitted,,"Account created (org EasyInterview, username easyinterview), email verified, product created (launch id 1864) and scheduled on the FREE Standard tier for Monday 7 December 2026 (first Monday with free spots; Sep-Nov all ",todo,,,
navgood.com,NavGood,17,software,?!,verify,yes,no,form,https://www.navgood.com/,Bullet,,Unknown — could not get past the bot wall.,blocked,free submission channel closed - paid only ($25/month),"Cloudflare wall cleared in-browser. /en/business/submit-tool-plan shows 'Free Version $0 - Submit AI Tool (Channel Closed)' and 'Due to high volume, we have closed free submissions'. Paid tier $25/mo is the only route an",todo,,,
rankanything.online,Rank Anything,17,software,?!,verify,yes,no,account+form,https://www.rankanything.online/,Blitz,,Unknown — blocked.,blocked,no product-submission path - user-generated tier-list site; Google sign-in popup did not complete (Firebase popup auth),Site loads fine in-browser (curl 429 was bot blocking only). It is a 'rank anything' tier-list/opinion site: there is no submit-a-tool form. The only way to appear is to create a public list and add EasyInterview as an i,todo,,,
aidirectory.org,AI Directory,16,software,?!,dofollow,yes,no,form,https://www.aidirectory.org/user-submit/,Bullet,,"Long AI-company category taxonomy (Agentic AI / AI Agents, NLP, Speech to Speech etc. - EasyInterview fits). Source data reports the captcha fails with 'Invalid",blocked,their reCAPTCHA renders 'ERROR for site owner: Invalid site key' - the form cannot be submitted by anyone,"CONFIRMS the discovery suspicion with first-hand evidence. The whole open WordPress form is filled and left filled on the parked tab: Post Title, Category 'Agentic AI / AI Agents', Company Name, UTM'd website URL, Mumbai",todo,,,
taalk.com,Taalk.com,15,software,?!,nofollow,yes,no,form,https://taalk.com/submit-startup/,Bullet,,'Submit your startup stories / entrepreneur stories' editorial form; also a 'Write for Taalk.com' contributor route.,submitted,,"Free tier only ('Post on Taalk.com (only selected posts), No Do-Follow Link, only brand mention'); the two paid tiers route to Razorpay and were not touched. The free 'Submit now' goes to /free-submmission/ which embeds ",rejected,,"Skipped 2026-09-14: free tier is brand mention only, no link (paid tiers via Razorpay).",2026-09-14
founderkit.com,Founderkit,14,software,?!,nofollow,yes,no,account+form,https://founderkit.com/submit,Blitz,,Sign-in required to reach the submit dashboard,pending,pending: magic-link email not delivered within ~2 min,/submit requires sign-in. Continue with Google completed the consent screen but did not establish a Founderkit session (bounced back to /auth/login?next=/submit). Fell back to 'Send me a Magic Link' for easyinterview.lif,todo,,,
saasdirectory.com,SaaS Directory,13,software,?!,nofollow,yes,no,account+form,https://www.saasdirectory.com/suggest-an-app.php,Blitz,,"Login/Registration required before suggesting an app. Old-school ES/EU/EN multilingual taxonomy (Online CRM, Online ERP, Project Management...).",blocked,site broken/abandoned - suggest-an-app page renders an empty body when logged out and the registration pages are blank,"/suggest-an-app.php returns only the header/nav with an empty content area; /registration.php renders a completely blank page (no title, zero form fields); the real registration URL is /register-saas-directory.php. 2010s",todo,,,
brouseai.com,BroUseAI,10,software,?!,dofollow,yes,no,form,https://www.brouseai.com/submission/ai,Bullet,,AI FAQs generated by their AI; Premium adds a verified checkmark and a chance at 30-day featuring; editing a free page costs $19,blocked,free/basic tier not selectable - only the $29 Premium plan can be chosen,"Form completed in full (email, name, URL, tagline, pricing Paid, overview, core features, use cases) and the Cloudflare Turnstile cleared. Submitting with the license key blank returns 'Not found'. Inspected the form: th",todo,,,
aidirectory.com,AI Directory,8,software,?!,nofollow,yes,no,account+form,https://aidirectory.com/submit,Blitz,,"Free submit form; also has a 'Write Review' feature. Already lists Interviewer.AI and Mega HR, so HR tools are in scope",submitted,,"Free tier ($0, 'Listed within one week', nofollow backlink) selected; paid Standard $97 / Premium $197 left untouched. Sign-in is a magic link (no password) and the login email landed in Gmail SPAM. Note field is capped ",todo,,,
toolsnocode.com,Discover the best artificial intelligence tools (ToolsNoCode),7,software,?!,verify,yes,no,account+form,https://toolsnocode.com/,Blitz,,Unknown — app is client-rendered.,live,,"Published instantly and free. Real submit path is /tools/new (the /submit URL 404s). Category 'HR & Recruiting' exists and was used; Pricing = Paid with detail 'Pay per screen from a prepaid wallet, no seats'; 7 tags; lo",todo,,,
launchy.tools,Launchy.tools,6,launch,?!,nofollow,yes,no,form,https://launchy.tools/submit,Bullet,,Curated WEEKLY batches (/batches) — you wait for a launch slot rather than going live immediately.,submitted,,"Account created with email+password and email verified via the Gmail link. Free $0 tier chosen (Boost $9 / Highlight $19 declined, no card field). Scheduled launch slot: Monday 18 January, ~19 weeks of queue. Free tier p",todo,,,
toplistly.com,Toplistly,6,software,?!,verify,yes,no,account+form,https://toplistly.com/submit,Blitz,,URL-only submit form then Sign In; 'By a human' curation claim,submitted,,"Submit form is URL-only - no account, no copy fields, no category. Cookie banner rejected. Toast confirmed 'Product submitted.' Human curation claimed, so the listing (if any) will be generated from our own page metadata",todo,,,
peerpush.com,PeerPush,0,software,?!,dofollow,unknown,no,,,Bullet,,,live,,NOW LIVE - it was queue position #2053/#2278 in the earlier passes. Page renders the refreshed high-volume copy and links to https://www.easyinterview.life/?utm_source=peerpush&utm_medium=directory&utm_campaign=listings&,submitted,https://peerpush.com/p/replaychess,"Submitted 2026-09-14 (EI account 'easyinterviewlife'): free queue position #2894, est. ~1 month 19 days (early Nov 2026). Full listing: Gaming & Game Dev, Casual Gaming/Skill Building, Chess Players/Gamers, Freemium $4.99, Web, logo + 4 shots, X handle, first comment. Declined $39/$89/$229 (+40% off modal). Page: peerpush.com/p/replaychess (dofollow per EI once live).",2026-09-14
turbo0.com,Turbo0,0,software,?!,nofollow,unknown,yes,,,Bullet,,,live,,"NOW LIVE (was 'pending review' on 2026-09-03) at turbo0.com/item/easyinterview. Copy is the refreshed version - no 'technical interview'/'technical screen' strings remain. All three anchors are rel=""nofollow noopener nor",todo,,,
dofollow.tools,dofollow.tools,0,software,?!,dofollow,unknown,yes,,,Bullet,,,live,,"Approved and live (it was 'Pending Review' with no edit control on 2026-09-03). Description is already the NEW Variant C copy ('One job post can pull a thousand applicants in a week...', tagline 'AI phone interviews in 1",todo,,"RETRY 2026-09-15: form fully filled (Games+Education, Freemium, logo, 3 shots, repo, X) but the first 'Submit for Free' ran the badge check before the deploy landed and burned the 1/day personal free quota ('daily limit of 1 free submission'). Badge now live in footer; re-open dofollow.tools/submit tomorrow (form state persists in browser), Next -> Still Submit for Free. Declined $19/$25.90/$99 tiers.",2026-09-14
open-launch.com,Open-Launch,0,launch,?!,dofollow,unknown,no,,,Bullet,,,live,publish is paid - free launch queue is fully booked into 2027 and there is no free-with-badge option,Re-checked /pricing today: a banner reads 'Free launches are fully booked into 2027. Launch tomorrow with Premium.' and the Free Launch $0 card is stamped 'Fully booked' with 'Free slots are fully booked into 2027.' The ,todo,,,
startupfa.me,Startup Fame,0,launch,?!,nofollow,unknown,yes,,,Bullet,,,live,"their verifier still fails: 'Verification failed - To complete verification, please add a link to https://startupfa.me o","EXACT RESULT TEXT after ticking 'Yes, my startup meets all the required conditions' and clicking Verify now (twice, same result): 'Verification failed' / 'To complete verification, please add a link to https://startupfa.",todo,,,
findly.tools,Findly.tools,0,software,?!,dofollow,unknown,yes,,,Bullet,,,live,,"Live, indexed (robots index, follow), copy is the refreshed Variant C. Anchor to https://www.easyinterview.life/?utm_source=Findly.tools carries rel=""noopener noreferrer"" - no nofollow, so it passes. One of the two clean",todo,,,
tinyshelf.co,TinyShelf,0,software,?!,dofollow,unknown,yes,,,Bullet,,,live,,"Live (id 756). Note the working host is www.tinyshelf.co - the bare tinyshelf.co host fails TLS/connect from curl, which is why an earlier probe showed 000. The anchor is rel=""noopener"" (dofollow), i.e. the badge-for-dof",live,https://www.tinyshelf.co/tools/replaychess,"LIVE 2026-09-14 immediately after auto-review (EI account). Badge verified ('found on your page'), dashboard shows 'dofollow'. Category Other; tags freemium/open-source/subscription; logo + 3 shots. Description must go through the CodeMirror editor (.CodeMirror.setValue), hidden textarea alone fails.",2026-09-14
betapage.co,BetaPage (now PitchWall),0,software,?!,nofollow,unknown,no,,,Bullet,,,submitted,,"BetaPage redirects to PitchWall. Completed the required public profile (username 'easyinterview') first, chose the Free Launch plan, entered https://www.easyinterview.life (the field rejects query strings, so no UTM). Pi",todo,,,
startup.siliconindia.com,SiliconIndia Startup Rankings — HR Technology,0,software,?!,verify,yes,no,form,https://startup.siliconindia.com/ranking/startups-in-hr-technology-rid-197.html,Bullet,,Nomination form; they push a paid magazine/award upsell after shortlisting,pending,submit handler never returns - endless spinner,Free 'Propose your Nomination' modal on the 10 Best Startups in HR Technology page. Filled Rohit / Pandit / hello@easyinterview.life / EasyInterview / https://www.easyinterview.life and a Variant D reasons paragraph; the,todo,,,
indiehunt.com,IndieHunt,0,launch,?!,verify,yes,no,account+form,https://indiehunt.com/,Blitz,,Unknown — blocked.,blocked,site bot-blocks all requests (HTTP 429) and the browser refused the domain,"curl with a real Chrome UA returns 429 Too Many Requests on every attempt, and the Chrome extension rejected navigation to indiehunt.com ('Navigation to this domain is not allowed'). Nothing submittable. Confirms the wav",todo,,,
myshortlister.com,Shortlister,0,software,?!,verify,yes,no,account+form,https://www.myshortlister.com/vendors,Blitz,,Vendor account; profiles sit behind app.myshortlister.com,blocked,mandatory phone number,"The free vendor profile is real and free (https://www.myshortlister.com/vendor/free-profile, 'Sign Up for Free' opens an inline form), but every field is required: First Name, Last Name, Company Name, Work Email, and Pho",todo,,,
rectec.app,Rectec Marketplace,0,software,?!,verify,yes,no,account+form,https://rectec.app/marketplace,Blitz,,Vendor account; UK/EU-leaning audience,blocked,listing is paid only - GBP 295/month paid annually in advance,"The wave-3 'freemium: free vendor profile' assumption is wrong. The vendor page (/p/vendor-partners) states 'All solution providers are included for a flat monthly fee ... GBP 295 a month, paid annually in advance', with",todo,,,
app.g2digitalmarkets.com,Capterra (G2 Digital Markets),0,software,?!,verify,unknown,no,,,Bullet,,,blocked,domain is not permitted in this Chrome profile (navigation refused) AND login needs a password reset delivered to rohit@,"Could not even reach the login page - the browser extension refused navigation to app.g2digitalmarkets.com. Independent of that, the 2026-08-30 state was 'account exists, password reset succeeded, login still fails'; a f",todo,,,
500.tools,500.tools,0,software,!?,verify,yes,no,form,,Blitz,,,not-attempted,,,rejected,,Paid only ($19/yr) and sold out. Skip.,2026-09-14
domainrank.app,domainrank.app,0,software,!?,verify,yes,no,form,,Blitz,,,not-attempted,,,submitted,,"Free plan 'Successfully submitted to review' 2026-09-14 (EI account). Badge (dark, 360x80) in footer; auto-verified. Their badge reports playchess.tech DR = 6. Product id N22PEFZVcsB4TUMcafvpDO.",2026-09-14
